Workbook

Sheet Products
A1: Code | B1: Description
A2: ART01505 | B2: BAHIA PET 5L
A3: ART01504 | B3: WOW Bonbons Bocal 100 PCS - Choco Banane
A4: ART01503 | B4: WOW Barre Biscuit Cannelle Pack 24 PCS
A5: ART01507 | B5: CHUPITA Sucette Coconut 100PCS
A6: ART01508 | B6: OLA CREME Sucette Fraise 100PCS
A7: ART01506 | B7: CHUPITA Sucette Raisin 100PCS
A8: ART01509 | B8: ROSTOY Jus Peche Et Mangue 1L Carton
A9: ART01510 | B9: ROSTOY Jus Mix de Fruits 1L Carton
A10: ART01512 | B10: YAOURT FRUITS MIX BAUER 100G
A11: ART01513 | B11: YAOURT FRUITS MIX BAUER 500G
A12: ART01514 | B12: TAOUS Lavande Pack 4 Savons 125G
... A4204: ART03874 | B4204: SEÑOR MAYOR LIQUIDE VAISSELLE 750ML CITRON VERT CONCENTRÉ

Sheet Feuil1
A1: Family
A2: Dalaa VP / Baqqal / RP
A3: Calin RP
A4: Mio main (1k+500gr)
A5: Mia
A6: Calin VP
A7: Nova
A8: Prima
A9: Mio Liquid Vaisselle
A10: Mio Javel
A11: Douceur
A12: Mio Matic
... A25: Fromy

Sheet Famille-Produit
A1: Code | B1: Description | C1: Famille | E1: Famille | F1: Nb Produits
A2: =Products!A930 -> CF35250 | B2: =Products!B930 -> TOBIGO CROUSTY TIRAMISSU CRN 30UN | C2: =IF(OR(ISNUMBER(SEARCH("SELHAM",B2)),ISNUMBER(SEARCH("LHAFLA",B2)),ISNUMBER(SEARCH("ZINE",B2)),ISNUMBER(SEARCH("tiyay",B2)),ISNUMBER(SEARCH("alouns",B2)),ISNUMBER(SEARCH("lmhrat",B2))),"The Al Itkane",IF(AND(ISNUMBER(SEARCH("CALIN",B2)),ISNUMBER(SEARCH("RP",B2)),NOT(ISNUMBER(SEARCH("VP",B2)))),"Calin RP",IF(AND(ISNUMBER(SEARCH("CALIN",B2)),ISNUMBER(SEARCH("VP",B2))),"Calin VP",IF(AND(ISNUMBER(SEARCH("MIO",B2)),OR(ISNUMBER(SEARCH("Vaisselle",B2)),ISNUMBER(SEARCH("vaisselle",B2)))),"Mio Liquid Vaisselle",IF(AND(ISNUMBER(SEARCH("MIO",B2)),ISNUMBER(SEARCH("Javel",B2))),"Mio Javel",IF(AND(ISNUMBER(SEARCH("MIO",B2)),ISNUMBER(SEARCH("Matic",B2))),"Mio Matic",IF(AND(ISNUMBER(SEARCH("MIO",B2)),OR(ISNUMBER(SEARCH("Détérgent",B2)),ISNUMBER(SEARCH("Poudre",B2)),ISNUMBER(SEARCH("Semi Auto",B2)),ISNUMBER(SEARCH("1KG",B2)),ISNUMBER(SEARCH("500G",B2)),ISNUMBER(SEARCH("10KG",B2)),ISNUMBER(SEARCH("1.5K",B2)),ISNUMBER(SEARCH("215G",B2)),ISNUMBER(SEARCH("350G",B2)),ISNUMBER(SEARCH("90G",B2)),ISNUMBER(SEARCH("Gold",B2)),ISNUMBER(SEARCH("Citron",B2)),ISNUMBER(SEARCH("Rose",B2)),ISNUMBER(SEARCH("Lessive",B2))),NOT(OR(ISNUMBER(SEARCH("Vaisselle",B2)),ISNUMBER(SEARCH("Javel",B2)),ISNUMBER(SEARCH("Matic",B2)),ISNUMBER(SEARCH("Nettoyant",B2)),ISNUMBER(SEARCH("Pâte",B2)),ISNUMBER(SEARCH("Lave",B2)),ISNUMBER(SEARCH("Détartrant",B2))))),"Mio main (1k+500gr)",IF(AND(ISNUMBER(SEARCH("PAPILLON",B2)),OR(ISNUMBER(SEARCH("Papier",B2)),ISNUMBER(SEARCH("Hygiénique",B2)),ISNUMBER(SEARCH("HYGIÉNIQUE",B2))),NOT(OR(ISNUMBER(SEARCH("Lingette",B2)),ISNUMBER(SEARCH("Mouchoir",B2))))),"Papillon Papier",IF(OR(ISNUMBER(SEARCH("TAJ AL SAHAR",B2)),ISNUMBER(SEARCH("TAJ BLADI",B2)),ISNUMBER(SEARCH("TAJ BELADI",B2)),ISNUMBER(SEARCH("Tilal Assahra",B2)),ISNUMBER(SEARCH("Jawharat Asahra",B2))),"TAJ SAHARA",IF(AND(OR(ISNUMBER(SEARCH("AL ITKANE",B2)),ISNUMBER(SEARCH("ALITKANE",B2)),ISNUMBER(SEARCH("PRESTO",B2))),NOT(OR(ISNUMBER(SEARCH("Thé",B2)),ISNUMBER(SEARCH("THE ",B2)),ISNUMBER(SEARCH("thé",B2)),ISNUMBER(SEARCH("SELHAM",B2)),ISNUMBER(SEARCH("LHAFLA",B2)),ISNUMBER(SEARCH("ZINE",B2)),ISNUMBER(SEARCH("tiyay",B2)),ISNUMBER(SEARCH("alouns",B2)),ISNUMBER(SEARCH("lmhrat",B2))))),"Al Itkrans + Presto",IF(OR(ISNUMBER(SEARCH("DALAA",B2)),ISNUMBER(SEARCH("CS-DALAA",B2)),ISNUMBER(SEARCH("DALINA",B2))),"Dalaa VP / Baqqal / RP",IF(OR(LEFT(UPPER(B2),4)="MIA ",LEFT(UPPER(B2),6)="CS-MIA"),"Mia",IF(OR(LEFT(UPPER(B2),5)="NOVA ",LEFT(UPPER(B2),7)="CS-NOVA"),"Nova",IF(OR(ISNUMBER(SEARCH("PRIMA ",B2)),ISNUMBER(SEARCH("CS-PRIMA",B2))),"Prima",IF(OR(ISNUMBER(SEARCH("Douceur",B2)),ISNUMBER(SEARCH("DOUCEUR",B2))),"Douceur",IF(OR(ISNUMBER(SEARCH("SANGO",B2)),ISNUMBER(SEARCH("CS-SANGO",B2))),"SANGO",IF(ISNUMBER(SEARCH("BLANDOUX",B2)),"Blandoux",IF(ISNUMBER(SEARCH("SHIWAMI",B2)),"Shiwame",IF(ISNUMBER(SEARCH("KELLOGG",B2)),"Kelloggs",IF(OR(ISNUMBER(SEARCH("TOBIGO",B2)),ISNUMBER(SEARCH("DWIST",B2))),"Tobigo",IF(OR(ISNUMBER(SEARCH("MARISOL",B2)),ISNUMBER(SEARCH("MARESOL",B2))),"Maresol",IF(OR(ISNUMBER(SEARCH("TAKIS",B2)),ISNUMBER(SEARCH("TAKYS",B2))),"TAKYS",IF(ISNUMBER(SEARCH("TAWIL",B2)),"Tawil",IF(ISNUMBER(SEARCH("FROMY",B2)),"Fromy","")))))))))))))))))))))))) -> Tobigo | E2: Dalaa VP / Baqqal / RP | F2: =COUNTIF(C:C,E2) -> 65
A3: =Products!A940 -> ART00968 | B3: =Products!B940 -> TOBIGO Roundy Cacao Biscuit Crème Vanille | C3: =IF(OR(ISNUMBER(SEARCH("SELHAM",B3)),ISNUMBER(SEARCH("LHAFLA",B3)),ISNUMBER(SEARCH("ZINE",B3)),ISNUMBER(SEARCH("tiyay",B3)),ISNUMBER(SEARCH("alouns",B3)),ISNUMBER(SEARCH("lmhrat",B3))),"The Al Itkane",IF(AND(ISNUMBER(SEARCH("CALIN",B3)),ISNUMBER(SEARCH("RP",B3)),NOT(ISNUMBER(SEARCH("VP",B3)))),"Calin RP",IF(AND(ISNUMBER(SEARCH("CALIN",B3)),ISNUMBER(SEARCH("VP",B3))),"Calin VP",IF(AND(ISNUMBER(SEARCH("MIO",B3)),OR(ISNUMBER(SEARCH("Vaisselle",B3)),ISNUMBER(SEARCH("vaisselle",B3)))),"Mio Liquid Vaisselle",IF(AND(ISNUMBER(SEARCH("MIO",B3)),ISNUMBER(SEARCH("Javel",B3))),"Mio Javel",IF(AND(ISNUMBER(SEARCH("MIO",B3)),ISNUMBER(SEARCH("Matic",B3))),"Mio Matic",IF(AND(ISNUMBER(SEARCH("MIO",B3)),OR(ISNUMBER(SEARCH("Détérgent",B3)),ISNUMBER(SEARCH("Poudre",B3)),ISNUMBER(SEARCH("Semi Auto",B3)),ISNUMBER(SEARCH("1KG",B3)),ISNUMBER(SEARCH("500G",B3)),ISNUMBER(SEARCH("10KG",B3)),ISNUMBER(SEARCH("1.5K",B3)),ISNUMBER(SEARCH("215G",B3)),ISNUMBER(SEARCH("350G",B3)),ISNUMBER(SEARCH("90G",B3)),ISNUMBER(SEARCH("Gold",B3)),ISNUMBER(SEARCH("Citron",B3)),ISNUMBER(SEARCH("Rose",B3)),ISNUMBER(SEARCH("Lessive",B3))),NOT(OR(ISNUMBER(SEARCH("Vaisselle",B3)),ISNUMBER(SEARCH("Javel",B3)),ISNUMBER(SEARCH("Matic",B3)),ISNUMBER(SEARCH("Nettoyant",B3)),ISNUMBER(SEARCH("Pâte",B3)),ISNUMBER(SEARCH("Lave",B3)),ISNUMBER(SEARCH("Détartrant",B3))))),"Mio main (1k+500gr)",IF(AND(ISNUMBER(SEARCH("PAPILLON",B3)),OR(ISNUMBER(SEARCH("Papier",B3)),ISNUMBER(SEARCH("Hygiénique",B3)),ISNUMBER(SEARCH("HYGIÉNIQUE",B3))),NOT(OR(ISNUMBER(SEARCH("Lingette",B3)),ISNUMBER(SEARCH("Mouchoir",B3))))),"Papillon Papier",IF(OR(ISNUMBER(SEARCH("TAJ AL SAHAR",B3)),ISNUMBER(SEARCH("TAJ BLADI",B3)),ISNUMBER(SEARCH("TAJ BELADI",B3)),ISNUMBER(SEARCH("Tilal Assahra",B3)),ISNUMBER(SEARCH("Jawharat Asahra",B3))),"TAJ SAHARA",IF(AND(OR(ISNUMBER(SEARCH("AL ITKANE",B3)),ISNUMBER(SEARCH("ALITKANE",B3)),ISNUMBER(SEARCH("PRESTO",B3))),NOT(OR(ISNUMBER(SEARCH("Thé",B3)),ISNUMBER(SEARCH("THE ",B3)),ISNUMBER(SEARCH("thé",B3)),ISNUMBER(SEARCH("SELHAM",B3)),ISNUMBER(SEARCH("LHAFLA",B3)),ISNUMBER(SEARCH("ZINE",B3)),ISNUMBER(SEARCH("tiyay",B3)),ISNUMBER(SEARCH("alouns",B3)),ISNUMBER(SEARCH("lmhrat",B3))))),"Al Itkrans + Presto",IF(OR(ISNUMBER(SEARCH("DALAA",B3)),ISNUMBER(SEARCH("CS-DALAA",B3)),ISNUMBER(SEARCH("DALINA",B3))),"Dalaa VP / Baqqal / RP",IF(OR(LEFT(UPPER(B3),4)="MIA ",LEFT(UPPER(B3),6)="CS-MIA"),"Mia",IF(OR(LEFT(UPPER(B3),5)="NOVA ",LEFT(UPPER(B3),7)="CS-NOVA"),"Nova",IF(OR(ISNUMBER(SEARCH("PRIMA ",B3)),ISNUMBER(SEARCH("CS-PRIMA",B3))),"Prima",IF(OR(ISNUMBER(SEARCH("Douceur",B3)),ISNUMBER(SEARCH("DOUCEUR",B3))),"Douceur",IF(OR(ISNUMBER(SEARCH("SANGO",B3)),ISNUMBER(SEARCH("CS-SANGO",B3))),"SANGO",IF(ISNUMBER(SEARCH("BLANDOUX",B3)),"Blandoux",IF(ISNUMBER(SEARCH("SHIWAMI",B3)),"Shiwame",IF(ISNUMBER(SEARCH("KELLOGG",B3)),"Kelloggs",IF(OR(ISNUMBER(SEARCH("TOBIGO",B3)),ISNUMBER(SEARCH("DWIST",B3))),"Tobigo",IF(OR(ISNUMBER(SEARCH("MARISOL",B3)),ISNUMBER(SEARCH("MARESOL",B3))),"Maresol",IF(OR(ISNUMBER(SEARCH("TAKIS",B3)),ISNUMBER(SEARCH("TAKYS",B3))),"TAKYS",IF(ISNUMBER(SEARCH("TAWIL",B3)),"Tawil",IF(ISNUMBER(SEARCH("FROMY",B3)),"Fromy","")))))))))))))))))))))))) -> Tobigo | E3: Calin RP | F3: =COUNTIF(C:C,E3) -> 15
A4: =Products!A1125 -> CF35266 | B4: =Products!B1125 -> TOBIGO DONITO CARAMEL CRN 30UN | C4: =IF(OR(ISNUMBER(SEARCH("SELHAM",B4)),ISNUMBER(SEARCH("LHAFLA",B4)),ISNUMBER(SEARCH("ZINE",B4)),ISNUMBER(SEARCH("tiyay",B4)),ISNUMBER(SEARCH("alouns",B4)),ISNUMBER(SEARCH("lmhrat",B4))),"The Al Itkane",IF(AND(ISNUMBER(SEARCH("CALIN",B4)),ISNUMBER(SEARCH("RP",B4)),NOT(ISNUMBER(SEARCH("VP",B4)))),"Calin RP",IF(AND(ISNUMBER(SEARCH("CALIN",B4)),ISNUMBER(SEARCH("VP",B4))),"Calin VP",IF(AND(ISNUMBER(SEARCH("MIO",B4)),OR(ISNUMBER(SEARCH("Vaisselle",B4)),ISNUMBER(SEARCH("vaisselle",B4)))),"Mio Liquid Vaisselle",IF(AND(ISNUMBER(SEARCH("MIO",B4)),ISNUMBER(SEARCH("Javel",B4))),"Mio Javel",IF(AND(ISNUMBER(SEARCH("MIO",B4)),ISNUMBER(SEARCH("Matic",B4))),"Mio Matic",IF(AND(ISNUMBER(SEARCH("MIO",B4)),OR(ISNUMBER(SEARCH("Détérgent",B4)),ISNUMBER(SEARCH("Poudre",B4)),ISNUMBER(SEARCH("Semi Auto",B4)),ISNUMBER(SEARCH("1KG",B4)),ISNUMBER(SEARCH("500G",B4)),ISNUMBER(SEARCH("10KG",B4)),ISNUMBER(SEARCH("1.5K",B4)),ISNUMBER(SEARCH("215G",B4)),ISNUMBER(SEARCH("350G",B4)),ISNUMBER(SEARCH("90G",B4)),ISNUMBER(SEARCH("Gold",B4)),ISNUMBER(SEARCH("Citron",B4)),ISNUMBER(SEARCH("Rose",B4)),ISNUMBER(SEARCH("Lessive",B4))),NOT(OR(ISNUMBER(SEARCH("Vaisselle",B4)),ISNUMBER(SEARCH("Javel",B4)),ISNUMBER(SEARCH("Matic",B4)),ISNUMBER(SEARCH("Nettoyant",B4)),ISNUMBER(SEARCH("Pâte",B4)),ISNUMBER(SEARCH("Lave",B4)),ISNUMBER(SEARCH("Détartrant",B4))))),"Mio main (1k+500gr)",IF(AND(ISNUMBER(SEARCH("PAPILLON",B4)),OR(ISNUMBER(SEARCH("Papier",B4)),ISNUMBER(SEARCH("Hygiénique",B4)),ISNUMBER(SEARCH("HYGIÉNIQUE",B4))),NOT(OR(ISNUMBER(SEARCH("Lingette",B4)),ISNUMBER(SEARCH("Mouchoir",B4))))),"Papillon Papier",IF(OR(ISNUMBER(SEARCH("TAJ AL SAHAR",B4)),ISNUMBER(SEARCH("TAJ BLADI",B4)),ISNUMBER(SEARCH("TAJ BELADI",B4)),ISNUMBER(SEARCH("Tilal Assahra",B4)),ISNUMBER(SEARCH("Jawharat Asahra",B4))),"TAJ SAHARA",IF(AND(OR(ISNUMBER(SEARCH("AL ITKANE",B4)),ISNUMBER(SEARCH("ALITKANE",B4)),ISNUMBER(SEARCH("PRESTO",B4))),NOT(OR(ISNUMBER(SEARCH("Thé",B4)),ISNUMBER(SEARCH("THE ",B4)),ISNUMBER(SEARCH("thé",B4)),ISNUMBER(SEARCH("SELHAM",B4)),ISNUMBER(SEARCH("LHAFLA",B4)),ISNUMBER(SEARCH("ZINE",B4)),ISNUMBER(SEARCH("tiyay",B4)),ISNUMBER(SEARCH("alouns",B4)),ISNUMBER(SEARCH("lmhrat",B4))))),"Al Itkrans + Presto",IF(OR(ISNUMBER(SEARCH("DALAA",B4)),ISNUMBER(SEARCH("CS-DALAA",B4)),ISNUMBER(SEARCH("DALINA",B4))),"Dalaa VP / Baqqal / RP",IF(OR(LEFT(UPPER(B4),4)="MIA ",LEFT(UPPER(B4),6)="CS-MIA"),"Mia",IF(OR(LEFT(UPPER(B4),5)="NOVA ",LEFT(UPPER(B4),7)="CS-NOVA"),"Nova",IF(OR(ISNUMBER(SEARCH("PRIMA ",B4)),ISNUMBER(SEARCH("CS-PRIMA",B4))),"Prima",IF(OR(ISNUMBER(SEARCH("Douceur",B4)),ISNUMBER(SEARCH("DOUCEUR",B4))),"Douceur",IF(OR(ISNUMBER(SEARCH("SANGO",B4)),ISNUMBER(SEARCH("CS-SANGO",B4))),"SANGO",IF(ISNUMBER(SEARCH("BLANDOUX",B4)),"Blandoux",IF(ISNUMBER(SEARCH("SHIWAMI",B4)),"Shiwame",IF(ISNUMBER(SEARCH("KELLOGG",B4)),"Kelloggs",IF(OR(ISNUMBER(SEARCH("TOBIGO",B4)),ISNUMBER(SEARCH("DWIST",B4))),"Tobigo",IF(OR(ISNUMBER(SEARCH("MARISOL",B4)),ISNUMBER(SEARCH("MARESOL",B4))),"Maresol",IF(OR(ISNUMBER(SEARCH("TAKIS",B4)),ISNUMBER(SEARCH("TAKYS",B4))),"TAKYS",IF(ISNUMBER(SEARCH("TAWIL",B4)),"Tawil",IF(ISNUMBER(SEARCH("FROMY",B4)),"Fromy","")))))))))))))))))))))))) -> Tobigo | E4: Mio main (1k+500gr) | F4: =COUNTIF(C:C,E4) -> 25
A5: =Products!A1126 -> CF35267 | B5: =Products!B1126 -> TOBIGO DONITO CHOCO CRN 30UN | C5: =IF(OR(ISNUMBER(SEARCH("SELHAM",B5)),ISNUMBER(SEARCH("LHAFLA",B5)),ISNUMBER(SEARCH("ZINE",B5)),ISNUMBER(SEARCH("tiyay",B5)),ISNUMBER(SEARCH("alouns",B5)),ISNUMBER(SEARCH("lmhrat",B5))),"The Al Itkane",IF(AND(ISNUMBER(SEARCH("CALIN",B5)),ISNUMBER(SEARCH("RP",B5)),NOT(ISNUMBER(SEARCH("VP",B5)))),"Calin RP",IF(AND(ISNUMBER(SEARCH("CALIN",B5)),ISNUMBER(SEARCH("VP",B5))),"Calin VP",IF(AND(ISNUMBER(SEARCH("MIO",B5)),OR(ISNUMBER(SEARCH("Vaisselle",B5)),ISNUMBER(SEARCH("vaisselle",B5)))),"Mio Liquid Vaisselle",IF(AND(ISNUMBER(SEARCH("MIO",B5)),ISNUMBER(SEARCH("Javel",B5))),"Mio Javel",IF(AND(ISNUMBER(SEARCH("MIO",B5)),ISNUMBER(SEARCH("Matic",B5))),"Mio Matic",IF(AND(ISNUMBER(SEARCH("MIO",B5)),OR(ISNUMBER(SEARCH("Détérgent",B5)),ISNUMBER(SEARCH("Poudre",B5)),ISNUMBER(SEARCH("Semi Auto",B5)),ISNUMBER(SEARCH("1KG",B5)),ISNUMBER(SEARCH("500G",B5)),ISNUMBER(SEARCH("10KG",B5)),ISNUMBER(SEARCH("1.5K",B5)),ISNUMBER(SEARCH("215G",B5)),ISNUMBER(SEARCH("350G",B5)),ISNUMBER(SEARCH("90G",B5)),ISNUMBER(SEARCH("Gold",B5)),ISNUMBER(SEARCH("Citron",B5)),ISNUMBER(SEARCH("Rose",B5)),ISNUMBER(SEARCH("Lessive",B5))),NOT(OR(ISNUMBER(SEARCH("Vaisselle",B5)),ISNUMBER(SEARCH("Javel",B5)),ISNUMBER(SEARCH("Matic",B5)),ISNUMBER(SEARCH("Nettoyant",B5)),ISNUMBER(SEARCH("Pâte",B5)),ISNUMBER(SEARCH("Lave",B5)),ISNUMBER(SEARCH("Détartrant",B5))))),"Mio main (1k+500gr)",IF(AND(ISNUMBER(SEARCH("PAPILLON",B5)),OR(ISNUMBER(SEARCH("Papier",B5)),ISNUMBER(SEARCH("Hygiénique",B5)),ISNUMBER(SEARCH("HYGIÉNIQUE",B5))),NOT(OR(ISNUMBER(SEARCH("Lingette",B5)),ISNUMBER(SEARCH("Mouchoir",B5))))),"Papillon Papier",IF(OR(ISNUMBER(SEARCH("TAJ AL SAHAR",B5)),ISNUMBER(SEARCH("TAJ BLADI",B5)),ISNUMBER(SEARCH("TAJ BELADI",B5)),ISNUMBER(SEARCH("Tilal Assahra",B5)),ISNUMBER(SEARCH("Jawharat Asahra",B5))),"TAJ SAHARA",IF(AND(OR(ISNUMBER(SEARCH("AL ITKANE",B5)),ISNUMBER(SEARCH("ALITKANE",B5)),ISNUMBER(SEARCH("PRESTO",B5))),NOT(OR(ISNUMBER(SEARCH("Thé",B5)),ISNUMBER(SEARCH("THE ",B5)),ISNUMBER(SEARCH("thé",B5)),ISNUMBER(SEARCH("SELHAM",B5)),ISNUMBER(SEARCH("LHAFLA",B5)),ISNUMBER(SEARCH("ZINE",B5)),ISNUMBER(SEARCH("tiyay",B5)),ISNUMBER(SEARCH("alouns",B5)),ISNUMBER(SEARCH("lmhrat",B5))))),"Al Itkrans + Presto",IF(OR(ISNUMBER(SEARCH("DALAA",B5)),ISNUMBER(SEARCH("CS-DALAA",B5)),ISNUMBER(SEARCH("DALINA",B5))),"Dalaa VP / Baqqal / RP",IF(OR(LEFT(UPPER(B5),4)="MIA ",LEFT(UPPER(B5),6)="CS-MIA"),"Mia",IF(OR(LEFT(UPPER(B5),5)="NOVA ",LEFT(UPPER(B5),7)="CS-NOVA"),"Nova",IF(OR(ISNUMBER(SEARCH("PRIMA ",B5)),ISNUMBER(SEARCH("CS-PRIMA",B5))),"Prima",IF(OR(ISNUMBER(SEARCH("Douceur",B5)),ISNUMBER(SEARCH("DOUCEUR",B5))),"Douceur",IF(OR(ISNUMBER(SEARCH("SANGO",B5)),ISNUMBER(SEARCH("CS-SANGO",B5))),"SANGO",IF(ISNUMBER(SEARCH("BLANDOUX",B5)),"Blandoux",IF(ISNUMBER(SEARCH("SHIWAMI",B5)),"Shiwame",IF(ISNUMBER(SEARCH("KELLOGG",B5)),"Kelloggs",IF(OR(ISNUMBER(SEARCH("TOBIGO",B5)),ISNUMBER(SEARCH("DWIST",B5))),"Tobigo",IF(OR(ISNUMBER(SEARCH("MARISOL",B5)),ISNUMBER(SEARCH("MARESOL",B5))),"Maresol",IF(OR(ISNUMBER(SEARCH("TAKIS",B5)),ISNUMBER(SEARCH("TAKYS",B5))),"TAKYS",IF(ISNUMBER(SEARCH("TAWIL",B5)),"Tawil",IF(ISNUMBER(SEARCH("FROMY",B5)),"Fromy","")))))))))))))))))))))))) -> Tobigo | E5: Mia | F5: =COUNTIF(C:C,E5) -> 20
A6: =Products!A1173 -> CF35298 | B6: =Products!B1173 -> TOBIGO SALEO ORIGINAL 24UN | C6: =IF(OR(ISNUMBER(SEARCH("SELHAM",B6)),ISNUMBER(SEARCH("LHAFLA",B6)),ISNUMBER(SEARCH("ZINE",B6)),ISNUMBER(SEARCH("tiyay",B6)),ISNUMBER(SEARCH("alouns",B6)),ISNUMBER(SEARCH("lmhrat",B6))),"The Al Itkane",IF(AND(ISNUMBER(SEARCH("CALIN",B6)),ISNUMBER(SEARCH("RP",B6)),NOT(ISNUMBER(SEARCH("VP",B6)))),"Calin RP",IF(AND(ISNUMBER(SEARCH("CALIN",B6)),ISNUMBER(SEARCH("VP",B6))),"Calin VP",IF(AND(ISNUMBER(SEARCH("MIO",B6)),OR(ISNUMBER(SEARCH("Vaisselle",B6)),ISNUMBER(SEARCH("vaisselle",B6)))),"Mio Liquid Vaisselle",IF(AND(ISNUMBER(SEARCH("MIO",B6)),ISNUMBER(SEARCH("Javel",B6))),"Mio Javel",IF(AND(ISNUMBER(SEARCH("MIO",B6)),ISNUMBER(SEARCH("Matic",B6))),"Mio Matic",IF(AND(ISNUMBER(SEARCH("MIO",B6)),OR(ISNUMBER(SEARCH("Détérgent",B6)),ISNUMBER(SEARCH("Poudre",B6)),ISNUMBER(SEARCH("Semi Auto",B6)),ISNUMBER(SEARCH("1KG",B6)),ISNUMBER(SEARCH("500G",B6)),ISNUMBER(SEARCH("10KG",B6)),ISNUMBER(SEARCH("1.5K",B6)),ISNUMBER(SEARCH("215G",B6)),ISNUMBER(SEARCH("350G",B6)),ISNUMBER(SEARCH("90G",B6)),ISNUMBER(SEARCH("Gold",B6)),ISNUMBER(SEARCH("Citron",B6)),ISNUMBER(SEARCH("Rose",B6)),ISNUMBER(SEARCH("Lessive",B6))),NOT(OR(ISNUMBER(SEARCH("Vaisselle",B6)),ISNUMBER(SEARCH("Javel",B6)),ISNUMBER(SEARCH("Matic",B6)),ISNUMBER(SEARCH("Nettoyant",B6)),ISNUMBER(SEARCH("Pâte",B6)),ISNUMBER(SEARCH("Lave",B6)),ISNUMBER(SEARCH("Détartrant",B6))))),"Mio main (1k+500gr)",IF(AND(ISNUMBER(SEARCH("PAPILLON",B6)),OR(ISNUMBER(SEARCH("Papier",B6)),ISNUMBER(SEARCH("Hygiénique",B6)),ISNUMBER(SEARCH("HYGIÉNIQUE",B6))),NOT(OR(ISNUMBER(SEARCH("Lingette",B6)),ISNUMBER(SEARCH("Mouchoir",B6))))),"Papillon Papier",IF(OR(ISNUMBER(SEARCH("TAJ AL SAHAR",B6)),ISNUMBER(SEARCH("TAJ BLADI",B6)),ISNUMBER(SEARCH("TAJ BELADI",B6)),ISNUMBER(SEARCH("Tilal Assahra",B6)),ISNUMBER(SEARCH("Jawharat Asahra",B6))),"TAJ SAHARA",IF(AND(OR(ISNUMBER(SEARCH("AL ITKANE",B6)),ISNUMBER(SEARCH("ALITKANE",B6)),ISNUMBER(SEARCH("PRESTO",B6))),NOT(OR(ISNUMBER(SEARCH("Thé",B6)),ISNUMBER(SEARCH("THE ",B6)),ISNUMBER(SEARCH("thé",B6)),ISNUMBER(SEARCH("SELHAM",B6)),ISNUMBER(SEARCH("LHAFLA",B6)),ISNUMBER(SEARCH("ZINE",B6)),ISNUMBER(SEARCH("tiyay",B6)),ISNUMBER(SEARCH("alouns",B6)),ISNUMBER(SEARCH("lmhrat",B6))))),"Al Itkrans + Presto",IF(OR(ISNUMBER(SEARCH("DALAA",B6)),ISNUMBER(SEARCH("CS-DALAA",B6)),ISNUMBER(SEARCH("DALINA",B6))),"Dalaa VP / Baqqal / RP",IF(OR(LEFT(UPPER(B6),4)="MIA ",LEFT(UPPER(B6),6)="CS-MIA"),"Mia",IF(OR(LEFT(UPPER(B6),5)="NOVA ",LEFT(UPPER(B6),7)="CS-NOVA"),"Nova",IF(OR(ISNUMBER(SEARCH("PRIMA ",B6)),ISNUMBER(SEARCH("CS-PRIMA",B6))),"Prima",IF(OR(ISNUMBER(SEARCH("Douceur",B6)),ISNUMBER(SEARCH("DOUCEUR",B6))),"Douceur",IF(OR(ISNUMBER(SEARCH("SANGO",B6)),ISNUMBER(SEARCH("CS-SANGO",B6))),"SANGO",IF(ISNUMBER(SEARCH("BLANDOUX",B6)),"Blandoux",IF(ISNUMBER(SEARCH("SHIWAMI",B6)),"Shiwame",IF(ISNUMBER(SEARCH("KELLOGG",B6)),"Kelloggs",IF(OR(ISNUMBER(SEARCH("TOBIGO",B6)),ISNUMBER(SEARCH("DWIST",B6))),"Tobigo",IF(OR(ISNUMBER(SEARCH("MARISOL",B6)),ISNUMBER(SEARCH("MARESOL",B6))),"Maresol",IF(OR(ISNUMBER(SEARCH("TAKIS",B6)),ISNUMBER(SEARCH("TAKYS",B6))),"TAKYS",IF(ISNUMBER(SEARCH("TAWIL",B6)),"Tawil",IF(ISNUMBER(SEARCH("FROMY",B6)),"Fromy","")))))))))))))))))))))))) -> Tobigo | E6: Calin VP | F6: =COUNTIF(C:C,E6) -> 14
A7: =Products!A1229 -> CF35516 | B7: =Products!B1229 -> TOBIGO MUFFIN 30U - NC | C7: =IF(OR(ISNUMBER(SEARCH("SELHAM",B7)),ISNUMBER(SEARCH("LHAFLA",B7)),ISNUMBER(SEARCH("ZINE",B7)),ISNUMBER(SEARCH("tiyay",B7)),ISNUMBER(SEARCH("alouns",B7)),ISNUMBER(SEARCH("lmhrat",B7))),"The Al Itkane",IF(AND(ISNUMBER(SEARCH("CALIN",B7)),ISNUMBER(SEARCH("RP",B7)),NOT(ISNUMBER(SEARCH("VP",B7)))),"Calin RP",IF(AND(ISNUMBER(SEARCH("CALIN",B7)),ISNUMBER(SEARCH("VP",B7))),"Calin VP",IF(AND(ISNUMBER(SEARCH("MIO",B7)),OR(ISNUMBER(SEARCH("Vaisselle",B7)),ISNUMBER(SEARCH("vaisselle",B7)))),"Mio Liquid Vaisselle",IF(AND(ISNUMBER(SEARCH("MIO",B7)),ISNUMBER(SEARCH("Javel",B7))),"Mio Javel",IF(AND(ISNUMBER(SEARCH("MIO",B7)),ISNUMBER(SEARCH("Matic",B7))),"Mio Matic",IF(AND(ISNUMBER(SEARCH("MIO",B7)),OR(ISNUMBER(SEARCH("Détérgent",B7)),ISNUMBER(SEARCH("Poudre",B7)),ISNUMBER(SEARCH("Semi Auto",B7)),ISNUMBER(SEARCH("1KG",B7)),ISNUMBER(SEARCH("500G",B7)),ISNUMBER(SEARCH("10KG",B7)),ISNUMBER(SEARCH("1.5K",B7)),ISNUMBER(SEARCH("215G",B7)),ISNUMBER(SEARCH("350G",B7)),ISNUMBER(SEARCH("90G",B7)),ISNUMBER(SEARCH("Gold",B7)),ISNUMBER(SEARCH("Citron",B7)),ISNUMBER(SEARCH("Rose",B7)),ISNUMBER(SEARCH("Lessive",B7))),NOT(OR(ISNUMBER(SEARCH("Vaisselle",B7)),ISNUMBER(SEARCH("Javel",B7)),ISNUMBER(SEARCH("Matic",B7)),ISNUMBER(SEARCH("Nettoyant",B7)),ISNUMBER(SEARCH("Pâte",B7)),ISNUMBER(SEARCH("Lave",B7)),ISNUMBER(SEARCH("Détartrant",B7))))),"Mio main (1k+500gr)",IF(AND(ISNUMBER(SEARCH("PAPILLON",B7)),OR(ISNUMBER(SEARCH("Papier",B7)),ISNUMBER(SEARCH("Hygiénique",B7)),ISNUMBER(SEARCH("HYGIÉNIQUE",B7))),NOT(OR(ISNUMBER(SEARCH("Lingette",B7)),ISNUMBER(SEARCH("Mouchoir",B7))))),"Papillon Papier",IF(OR(ISNUMBER(SEARCH("TAJ AL SAHAR",B7)),ISNUMBER(SEARCH("TAJ BLADI",B7)),ISNUMBER(SEARCH("TAJ BELADI",B7)),ISNUMBER(SEARCH("Tilal Assahra",B7)),ISNUMBER(SEARCH("Jawharat Asahra",B7))),"TAJ SAHARA",IF(AND(OR(ISNUMBER(SEARCH("AL ITKANE",B7)),ISNUMBER(SEARCH("ALITKANE",B7)),ISNUMBER(SEARCH("PRESTO",B7))),NOT(OR(ISNUMBER(SEARCH("Thé",B7)),ISNUMBER(SEARCH("THE ",B7)),ISNUMBER(SEARCH("thé",B7)),ISNUMBER(SEARCH("SELHAM",B7)),ISNUMBER(SEARCH("LHAFLA",B7)),ISNUMBER(SEARCH("ZINE",B7)),ISNUMBER(SEARCH("tiyay",B7)),ISNUMBER(SEARCH("alouns",B7)),ISNUMBER(SEARCH("lmhrat",B7))))),"Al Itkrans + Presto",IF(OR(ISNUMBER(SEARCH("DALAA",B7)),ISNUMBER(SEARCH("CS-DALAA",B7)),ISNUMBER(SEARCH("DALINA",B7))),"Dalaa VP / Baqqal / RP",IF(OR(LEFT(UPPER(B7),4)="MIA ",LEFT(UPPER(B7),6)="CS-MIA"),"Mia",IF(OR(LEFT(UPPER(B7),5)="NOVA ",LEFT(UPPER(B7),7)="CS-NOVA"),"Nova",IF(OR(ISNUMBER(SEARCH("PRIMA ",B7)),ISNUMBER(SEARCH("CS-PRIMA",B7))),"Prima",IF(OR(ISNUMBER(SEARCH("Douceur",B7)),ISNUMBER(SEARCH("DOUCEUR",B7))),"Douceur",IF(OR(ISNUMBER(SEARCH("SANGO",B7)),ISNUMBER(SEARCH("CS-SANGO",B7))),"SANGO",IF(ISNUMBER(SEARCH("BLANDOUX",B7)),"Blandoux",IF(ISNUMBER(SEARCH("SHIWAMI",B7)),"Shiwame",IF(ISNUMBER(SEARCH("KELLOGG",B7)),"Kelloggs",IF(OR(ISNUMBER(SEARCH("TOBIGO",B7)),ISNUMBER(SEARCH("DWIST",B7))),"Tobigo",IF(OR(ISNUMBER(SEARCH("MARISOL",B7)),ISNUMBER(SEARCH("MARESOL",B7))),"Maresol",IF(OR(ISNUMBER(SEARCH("TAKIS",B7)),ISNUMBER(SEARCH("TAKYS",B7))),"TAKYS",IF(ISNUMBER(SEARCH("TAWIL",B7)),"Tawil",IF(ISNUMBER(SEARCH("FROMY",B7)),"Fromy","")))))))))))))))))))))))) -> Tobigo | E7: Nova | F7: =COUNTIF(C:C,E7) -> 11
A8: =Products!A1257 -> CF35517 | B8: =Products!B1257 -> TOBIGO TARTLET 24U - NC | C8: =IF(OR(ISNUMBER(SEARCH("SELHAM",B8)),ISNUMBER(SEARCH("LHAFLA",B8)),ISNUMBER(SEARCH("ZINE",B8)),ISNUMBER(SEARCH("tiyay",B8)),ISNUMBER(SEARCH("alouns",B8)),ISNUMBER(SEARCH("lmhrat",B8))),"The Al Itkane",IF(AND(ISNUMBER(SEARCH("CALIN",B8)),ISNUMBER(SEARCH("RP",B8)),NOT(ISNUMBER(SEARCH("VP",B8)))),"Calin RP",IF(AND(ISNUMBER(SEARCH("CALIN",B8)),ISNUMBER(SEARCH("VP",B8))),"Calin VP",IF(AND(ISNUMBER(SEARCH("MIO",B8)),OR(ISNUMBER(SEARCH("Vaisselle",B8)),ISNUMBER(SEARCH("vaisselle",B8)))),"Mio Liquid Vaisselle",IF(AND(ISNUMBER(SEARCH("MIO",B8)),ISNUMBER(SEARCH("Javel",B8))),"Mio Javel",IF(AND(ISNUMBER(SEARCH("MIO",B8)),ISNUMBER(SEARCH("Matic",B8))),"Mio Matic",IF(AND(ISNUMBER(SEARCH("MIO",B8)),OR(ISNUMBER(SEARCH("Détérgent",B8)),ISNUMBER(SEARCH("Poudre",B8)),ISNUMBER(SEARCH("Semi Auto",B8)),ISNUMBER(SEARCH("1KG",B8)),ISNUMBER(SEARCH("500G",B8)),ISNUMBER(SEARCH("10KG",B8)),ISNUMBER(SEARCH("1.5K",B8)),ISNUMBER(SEARCH("215G",B8)),ISNUMBER(SEARCH("350G",B8)),ISNUMBER(SEARCH("90G",B8)),ISNUMBER(SEARCH("Gold",B8)),ISNUMBER(SEARCH("Citron",B8)),ISNUMBER(SEARCH("Rose",B8)),ISNUMBER(SEARCH("Lessive",B8))),NOT(OR(ISNUMBER(SEARCH("Vaisselle",B8)),ISNUMBER(SEARCH("Javel",B8)),ISNUMBER(SEARCH("Matic",B8)),ISNUMBER(SEARCH("Nettoyant",B8)),ISNUMBER(SEARCH("Pâte",B8)),ISNUMBER(SEARCH("Lave",B8)),ISNUMBER(SEARCH("Détartrant",B8))))),"Mio main (1k+500gr)",IF(AND(ISNUMBER(SEARCH("PAPILLON",B8)),OR(ISNUMBER(SEARCH("Papier",B8)),ISNUMBER(SEARCH("Hygiénique",B8)),ISNUMBER(SEARCH("HYGIÉNIQUE",B8))),NOT(OR(ISNUMBER(SEARCH("Lingette",B8)),ISNUMBER(SEARCH("Mouchoir",B8))))),"Papillon Papier",IF(OR(ISNUMBER(SEARCH("TAJ AL SAHAR",B8)),ISNUMBER(SEARCH("TAJ BLADI",B8)),ISNUMBER(SEARCH("TAJ BELADI",B8)),ISNUMBER(SEARCH("Tilal Assahra",B8)),ISNUMBER(SEARCH("Jawharat Asahra",B8))),"TAJ SAHARA",IF(AND(OR(ISNUMBER(SEARCH("AL ITKANE",B8)),ISNUMBER(SEARCH("ALITKANE",B8)),ISNUMBER(SEARCH("PRESTO",B8))),NOT(OR(ISNUMBER(SEARCH("Thé",B8)),ISNUMBER(SEARCH("THE ",B8)),ISNUMBER(SEARCH("thé",B8)),ISNUMBER(SEARCH("SELHAM",B8)),ISNUMBER(SEARCH("LHAFLA",B8)),ISNUMBER(SEARCH("ZINE",B8)),ISNUMBER(SEARCH("tiyay",B8)),ISNUMBER(SEARCH("alouns",B8)),ISNUMBER(SEARCH("lmhrat",B8))))),"Al Itkrans + Presto",IF(OR(ISNUMBER(SEARCH("DALAA",B8)),ISNUMBER(SEARCH("CS-DALAA",B8)),ISNUMBER(SEARCH("DALINA",B8))),"Dalaa VP / Baqqal / RP",IF(OR(LEFT(UPPER(B8),4)="MIA ",LEFT(UPPER(B8),6)="CS-MIA"),"Mia",IF(OR(LEFT(UPPER(B8),5)="NOVA ",LEFT(UPPER(B8),7)="CS-NOVA"),"Nova",IF(OR(ISNUMBER(SEARCH("PRIMA ",B8)),ISNUMBER(SEARCH("CS-PRIMA",B8))),"Prima",IF(OR(ISNUMBER(SEARCH("Douceur",B8)),ISNUMBER(SEARCH("DOUCEUR",B8))),"Douceur",IF(OR(ISNUMBER(SEARCH("SANGO",B8)),ISNUMBER(SEARCH("CS-SANGO",B8))),"SANGO",IF(ISNUMBER(SEARCH("BLANDOUX",B8)),"Blandoux",IF(ISNUMBER(SEARCH("SHIWAMI",B8)),"Shiwame",IF(ISNUMBER(SEARCH("KELLOGG",B8)),"Kelloggs",IF(OR(ISNUMBER(SEARCH("TOBIGO",B8)),ISNUMBER(SEARCH("DWIST",B8))),"Tobigo",IF(OR(ISNUMBER(SEARCH("MARISOL",B8)),ISNUMBER(SEARCH("MARESOL",B8))),"Maresol",IF(OR(ISNUMBER(SEARCH("TAKIS",B8)),ISNUMBER(SEARCH("TAKYS",B8))),"TAKYS",IF(ISNUMBER(SEARCH("TAWIL",B8)),"Tawil",IF(ISNUMBER(SEARCH("FROMY",B8)),"Fromy","")))))))))))))))))))))))) -> Tobigo | E8: Prima | F8: =COUNTIF(C:C,E8) -> 7
A9: =Products!A1355 -> CF35518 | B9: =Products!B1355 -> TOBIGO DONUT 24U - NC | C9: =IF(OR(ISNUMBER(SEARCH("SELHAM",B9)),ISNUMBER(SEARCH("LHAFLA",B9)),ISNUMBER(SEARCH("ZINE",B9)),ISNUMBER(SEARCH("tiyay",B9)),ISNUMBER(SEARCH("alouns",B9)),ISNUMBER(SEARCH("lmhrat",B9))),"The Al Itkane",IF(AND(ISNUMBER(SEARCH("CALIN",B9)),ISNUMBER(SEARCH("RP",B9)),NOT(ISNUMBER(SEARCH("VP",B9)))),"Calin RP",IF(AND(ISNUMBER(SEARCH("CALIN",B9)),ISNUMBER(SEARCH("VP",B9))),"Calin VP",IF(AND(ISNUMBER(SEARCH("MIO",B9)),OR(ISNUMBER(SEARCH("Vaisselle",B9)),ISNUMBER(SEARCH("vaisselle",B9)))),"Mio Liquid Vaisselle",IF(AND(ISNUMBER(SEARCH("MIO",B9)),ISNUMBER(SEARCH("Javel",B9))),"Mio Javel",IF(AND(ISNUMBER(SEARCH("MIO",B9)),ISNUMBER(SEARCH("Matic",B9))),"Mio Matic",IF(AND(ISNUMBER(SEARCH("MIO",B9)),OR(ISNUMBER(SEARCH("Détérgent",B9)),ISNUMBER(SEARCH("Poudre",B9)),ISNUMBER(SEARCH("Semi Auto",B9)),ISNUMBER(SEARCH("1KG",B9)),ISNUMBER(SEARCH("500G",B9)),ISNUMBER(SEARCH("10KG",B9)),ISNUMBER(SEARCH("1.5K",B9)),ISNUMBER(SEARCH("215G",B9)),ISNUMBER(SEARCH("350G",B9)),ISNUMBER(SEARCH("90G",B9)),ISNUMBER(SEARCH("Gold",B9)),ISNUMBER(SEARCH("Citron",B9)),ISNUMBER(SEARCH("Rose",B9)),ISNUMBER(SEARCH("Lessive",B9))),NOT(OR(ISNUMBER(SEARCH("Vaisselle",B9)),ISNUMBER(SEARCH("Javel",B9)),ISNUMBER(SEARCH("Matic",B9)),ISNUMBER(SEARCH("Nettoyant",B9)),ISNUMBER(SEARCH("Pâte",B9)),ISNUMBER(SEARCH("Lave",B9)),ISNUMBER(SEARCH("Détartrant",B9))))),"Mio main (1k+500gr)",IF(AND(ISNUMBER(SEARCH("PAPILLON",B9)),OR(ISNUMBER(SEARCH("Papier",B9)),ISNUMBER(SEARCH("Hygiénique",B9)),ISNUMBER(SEARCH("HYGIÉNIQUE",B9))),NOT(OR(ISNUMBER(SEARCH("Lingette",B9)),ISNUMBER(SEARCH("Mouchoir",B9))))),"Papillon Papier",IF(OR(ISNUMBER(SEARCH("TAJ AL SAHAR",B9)),ISNUMBER(SEARCH("TAJ BLADI",B9)),ISNUMBER(SEARCH("TAJ BELADI",B9)),ISNUMBER(SEARCH("Tilal Assahra",B9)),ISNUMBER(SEARCH("Jawharat Asahra",B9))),"TAJ SAHARA",IF(AND(OR(ISNUMBER(SEARCH("AL ITKANE",B9)),ISNUMBER(SEARCH("ALITKANE",B9)),ISNUMBER(SEARCH("PRESTO",B9))),NOT(OR(ISNUMBER(SEARCH("Thé",B9)),ISNUMBER(SEARCH("THE ",B9)),ISNUMBER(SEARCH("thé",B9)),ISNUMBER(SEARCH("SELHAM",B9)),ISNUMBER(SEARCH("LHAFLA",B9)),ISNUMBER(SEARCH("ZINE",B9)),ISNUMBER(SEARCH("tiyay",B9)),ISNUMBER(SEARCH("alouns",B9)),ISNUMBER(SEARCH("lmhrat",B9))))),"Al Itkrans + Presto",IF(OR(ISNUMBER(SEARCH("DALAA",B9)),ISNUMBER(SEARCH("CS-DALAA",B9)),ISNUMBER(SEARCH("DALINA",B9))),"Dalaa VP / Baqqal / RP",IF(OR(LEFT(UPPER(B9),4)="MIA ",LEFT(UPPER(B9),6)="CS-MIA"),"Mia",IF(OR(LEFT(UPPER(B9),5)="NOVA ",LEFT(UPPER(B9),7)="CS-NOVA"),"Nova",IF(OR(ISNUMBER(SEARCH("PRIMA ",B9)),ISNUMBER(SEARCH("CS-PRIMA",B9))),"Prima",IF(OR(ISNUMBER(SEARCH("Douceur",B9)),ISNUMBER(SEARCH("DOUCEUR",B9))),"Douceur",IF(OR(ISNUMBER(SEARCH("SANGO",B9)),ISNUMBER(SEARCH("CS-SANGO",B9))),"SANGO",IF(ISNUMBER(SEARCH("BLANDOUX",B9)),"Blandoux",IF(ISNUMBER(SEARCH("SHIWAMI",B9)),"Shiwame",IF(ISNUMBER(SEARCH("KELLOGG",B9)),"Kelloggs",IF(OR(ISNUMBER(SEARCH("TOBIGO",B9)),ISNUMBER(SEARCH("DWIST",B9))),"Tobigo",IF(OR(ISNUMBER(SEARCH("MARISOL",B9)),ISNUMBER(SEARCH("MARESOL",B9))),"Maresol",IF(OR(ISNUMBER(SEARCH("TAKIS",B9)),ISNUMBER(SEARCH("TAKYS",B9))),"TAKYS",IF(ISNUMBER(SEARCH("TAWIL",B9)),"Tawil",IF(ISNUMBER(SEARCH("FROMY",B9)),"Fromy","")))))))))))))))))))))))) -> Tobigo | E9: Mio Liquid Vaisselle | F9: =COUNTIF(C:C,E9) -> 16
A10: =Products!A1422 -> ART00221 | B10: =Products!B1422 -> TOBIGO Crousty Lemon Cream | C10: =IF(OR(ISNUMBER(SEARCH("SELHAM",B10)),ISNUMBER(SEARCH("LHAFLA",B10)),ISNUMBER(SEARCH("ZINE",B10)),ISNUMBER(SEARCH("tiyay",B10)),ISNUMBER(SEARCH("alouns",B10)),ISNUMBER(SEARCH("lmhrat",B10))),"The Al Itkane",IF(AND(ISNUMBER(SEARCH("CALIN",B10)),ISNUMBER(SEARCH("RP",B10)),NOT(ISNUMBER(SEARCH("VP",B10)))),"Calin RP",IF(AND(ISNUMBER(SEARCH("CALIN",B10)),ISNUMBER(SEARCH("VP",B10))),"Calin VP",IF(AND(ISNUMBER(SEARCH("MIO",B10)),OR(ISNUMBER(SEARCH("Vaisselle",B10)),ISNUMBER(SEARCH("vaisselle",B10)))),"Mio Liquid Vaisselle",IF(AND(ISNUMBER(SEARCH("MIO",B10)),ISNUMBER(SEARCH("Javel",B10))),"Mio Javel",IF(AND(ISNUMBER(SEARCH("MIO",B10)),ISNUMBER(SEARCH("Matic",B10))),"Mio Matic",IF(AND(ISNUMBER(SEARCH("MIO",B10)),OR(ISNUMBER(SEARCH("Détérgent",B10)),ISNUMBER(SEARCH("Poudre",B10)),ISNUMBER(SEARCH("Semi Auto",B10)),ISNUMBER(SEARCH("1KG",B10)),ISNUMBER(SEARCH("500G",B10)),ISNUMBER(SEARCH("10KG",B10)),ISNUMBER(SEARCH("1.5K",B10)),ISNUMBER(SEARCH("215G",B10)),ISNUMBER(SEARCH("350G",B10)),ISNUMBER(SEARCH("90G",B10)),ISNUMBER(SEARCH("Gold",B10)),ISNUMBER(SEARCH("Citron",B10)),ISNUMBER(SEARCH("Rose",B10)),ISNUMBER(SEARCH("Lessive",B10))),NOT(OR(ISNUMBER(SEARCH("Vaisselle",B10)),ISNUMBER(SEARCH("Javel",B10)),ISNUMBER(SEARCH("Matic",B10)),ISNUMBER(SEARCH("Nettoyant",B10)),ISNUMBER(SEARCH("Pâte",B10)),ISNUMBER(SEARCH("Lave",B10)),ISNUMBER(SEARCH("Détartrant",B10))))),"Mio main (1k+500gr)",IF(AND(ISNUMBER(SEARCH("PAPILLON",B10)),OR(ISNUMBER(SEARCH("Papier",B10)),ISNUMBER(SEARCH("Hygiénique",B10)),ISNUMBER(SEARCH("HYGIÉNIQUE",B10))),NOT(OR(ISNUMBER(SEARCH("Lingette",B10)),ISNUMBER(SEARCH("Mouchoir",B10))))),"Papillon Papier",IF(OR(ISNUMBER(SEARCH("TAJ AL SAHAR",B10)),ISNUMBER(SEARCH("TAJ BLADI",B10)),ISNUMBER(SEARCH("TAJ BELADI",B10)),ISNUMBER(SEARCH("Tilal Assahra",B10)),ISNUMBER(SEARCH("Jawharat Asahra",B10))),"TAJ SAHARA",IF(AND(OR(ISNUMBER(SEARCH("AL ITKANE",B10)),ISNUMBER(SEARCH("ALITKANE",B10)),ISNUMBER(SEARCH("PRESTO",B10))),NOT(OR(ISNUMBER(SEARCH("Thé",B10)),ISNUMBER(SEARCH("THE ",B10)),ISNUMBER(SEARCH("thé",B10)),ISNUMBER(SEARCH("SELHAM",B10)),ISNUMBER(SEARCH("LHAFLA",B10)),ISNUMBER(SEARCH("ZINE",B10)),ISNUMBER(SEARCH("tiyay",B10)),ISNUMBER(SEARCH("alouns",B10)),ISNUMBER(SEARCH("lmhrat",B10))))),"Al Itkrans + Presto",IF(OR(ISNUMBER(SEARCH("DALAA",B10)),ISNUMBER(SEARCH("CS-DALAA",B10)),ISNUMBER(SEARCH("DALINA",B10))),"Dalaa VP / Baqqal / RP",IF(OR(LEFT(UPPER(B10),4)="MIA ",LEFT(UPPER(B10),6)="CS-MIA"),"Mia",IF(OR(LEFT(UPPER(B10),5)="NOVA ",LEFT(UPPER(B10),7)="CS-NOVA"),"Nova",IF(OR(ISNUMBER(SEARCH("PRIMA ",B10)),ISNUMBER(SEARCH("CS-PRIMA",B10))),"Prima",IF(OR(ISNUMBER(SEARCH("Douceur",B10)),ISNUMBER(SEARCH("DOUCEUR",B10))),"Douceur",IF(OR(ISNUMBER(SEARCH("SANGO",B10)),ISNUMBER(SEARCH("CS-SANGO",B10))),"SANGO",IF(ISNUMBER(SEARCH("BLANDOUX",B10)),"Blandoux",IF(ISNUMBER(SEARCH("SHIWAMI",B10)),"Shiwame",IF(ISNUMBER(SEARCH("KELLOGG",B10)),"Kelloggs",IF(OR(ISNUMBER(SEARCH("TOBIGO",B10)),ISNUMBER(SEARCH("DWIST",B10))),"Tobigo",IF(OR(ISNUMBER(SEARCH("MARISOL",B10)),ISNUMBER(SEARCH("MARESOL",B10))),"Maresol",IF(OR(ISNUMBER(SEARCH("TAKIS",B10)),ISNUMBER(SEARCH("TAKYS",B10))),"TAKYS",IF(ISNUMBER(SEARCH("TAWIL",B10)),"Tawil",IF(ISNUMBER(SEARCH("FROMY",B10)),"Fromy","")))))))))))))))))))))))) -> Tobigo | E10: Mio Javel | F10: =COUNTIF(C:C,E10) -> 13
A11: =Products!A1423 -> ART00222 | B11: =Products!B1423 -> TOBIGO Pyramido All Black | C11: =IF(OR(ISNUMBER(SEARCH("SELHAM",B11)),ISNUMBER(SEARCH("LHAFLA",B11)),ISNUMBER(SEARCH("ZINE",B11)),ISNUMBER(SEARCH("tiyay",B11)),ISNUMBER(SEARCH("alouns",B11)),ISNUMBER(SEARCH("lmhrat",B11))),"The Al Itkane",IF(AND(ISNUMBER(SEARCH("CALIN",B11)),ISNUMBER(SEARCH("RP",B11)),NOT(ISNUMBER(SEARCH("VP",B11)))),"Calin RP",IF(AND(ISNUMBER(SEARCH("CALIN",B11)),ISNUMBER(SEARCH("VP",B11))),"Calin VP",IF(AND(ISNUMBER(SEARCH("MIO",B11)),OR(ISNUMBER(SEARCH("Vaisselle",B11)),ISNUMBER(SEARCH("vaisselle",B11)))),"Mio Liquid Vaisselle",IF(AND(ISNUMBER(SEARCH("MIO",B11)),ISNUMBER(SEARCH("Javel",B11))),"Mio Javel",IF(AND(ISNUMBER(SEARCH("MIO",B11)),ISNUMBER(SEARCH("Matic",B11))),"Mio Matic",IF(AND(ISNUMBER(SEARCH("MIO",B11)),OR(ISNUMBER(SEARCH("Détérgent",B11)),ISNUMBER(SEARCH("Poudre",B11)),ISNUMBER(SEARCH("Semi Auto",B11)),ISNUMBER(SEARCH("1KG",B11)),ISNUMBER(SEARCH("500G",B11)),ISNUMBER(SEARCH("10KG",B11)),ISNUMBER(SEARCH("1.5K",B11)),ISNUMBER(SEARCH("215G",B11)),ISNUMBER(SEARCH("350G",B11)),ISNUMBER(SEARCH("90G",B11)),ISNUMBER(SEARCH("Gold",B11)),ISNUMBER(SEARCH("Citron",B11)),ISNUMBER(SEARCH("Rose",B11)),ISNUMBER(SEARCH("Lessive",B11))),NOT(OR(ISNUMBER(SEARCH("Vaisselle",B11)),ISNUMBER(SEARCH("Javel",B11)),ISNUMBER(SEARCH("Matic",B11)),ISNUMBER(SEARCH("Nettoyant",B11)),ISNUMBER(SEARCH("Pâte",B11)),ISNUMBER(SEARCH("Lave",B11)),ISNUMBER(SEARCH("Détartrant",B11))))),"Mio main (1k+500gr)",IF(AND(ISNUMBER(SEARCH("PAPILLON",B11)),OR(ISNUMBER(SEARCH("Papier",B11)),ISNUMBER(SEARCH("Hygiénique",B11)),ISNUMBER(SEARCH("HYGIÉNIQUE",B11))),NOT(OR(ISNUMBER(SEARCH("Lingette",B11)),ISNUMBER(SEARCH("Mouchoir",B11))))),"Papillon Papier",IF(OR(ISNUMBER(SEARCH("TAJ AL SAHAR",B11)),ISNUMBER(SEARCH("TAJ BLADI",B11)),ISNUMBER(SEARCH("TAJ BELADI",B11)),ISNUMBER(SEARCH("Tilal Assahra",B11)),ISNUMBER(SEARCH("Jawharat Asahra",B11))),"TAJ SAHARA",IF(AND(OR(ISNUMBER(SEARCH("AL ITKANE",B11)),ISNUMBER(SEARCH("ALITKANE",B11)),ISNUMBER(SEARCH("PRESTO",B11))),NOT(OR(ISNUMBER(SEARCH("Thé",B11)),ISNUMBER(SEARCH("THE ",B11)),ISNUMBER(SEARCH("thé",B11)),ISNUMBER(SEARCH("SELHAM",B11)),ISNUMBER(SEARCH("LHAFLA",B11)),ISNUMBER(SEARCH("ZINE",B11)),ISNUMBER(SEARCH("tiyay",B11)),ISNUMBER(SEARCH("alouns",B11)),ISNUMBER(SEARCH("lmhrat",B11))))),"Al Itkrans + Presto",IF(OR(ISNUMBER(SEARCH("DALAA",B11)),ISNUMBER(SEARCH("CS-DALAA",B11)),ISNUMBER(SEARCH("DALINA",B11))),"Dalaa VP / Baqqal / RP",IF(OR(LEFT(UPPER(B11),4)="MIA ",LEFT(UPPER(B11),6)="CS-MIA"),"Mia",IF(OR(LEFT(UPPER(B11),5)="NOVA ",LEFT(UPPER(B11),7)="CS-NOVA"),"Nova",IF(OR(ISNUMBER(SEARCH("PRIMA ",B11)),ISNUMBER(SEARCH("CS-PRIMA",B11))),"Prima",IF(OR(ISNUMBER(SEARCH("Douceur",B11)),ISNUMBER(SEARCH("DOUCEUR",B11))),"Douceur",IF(OR(ISNUMBER(SEARCH("SANGO",B11)),ISNUMBER(SEARCH("CS-SANGO",B11))),"SANGO",IF(ISNUMBER(SEARCH("BLANDOUX",B11)),"Blandoux",IF(ISNUMBER(SEARCH("SHIWAMI",B11)),"Shiwame",IF(ISNUMBER(SEARCH("KELLOGG",B11)),"Kelloggs",IF(OR(ISNUMBER(SEARCH("TOBIGO",B11)),ISNUMBER(SEARCH("DWIST",B11))),"Tobigo",IF(OR(ISNUMBER(SEARCH("MARISOL",B11)),ISNUMBER(SEARCH("MARESOL",B11))),"Maresol",IF(OR(ISNUMBER(SEARCH("TAKIS",B11)),ISNUMBER(SEARCH("TAKYS",B11))),"TAKYS",IF(ISNUMBER(SEARCH("TAWIL",B11)),"Tawil",IF(ISNUMBER(SEARCH("FROMY",B11)),"Fromy","")))))))))))))))))))))))) -> Tobigo | E11: Douceur | F11: =COUNTIF(C:C,E11) -> 8
A12: =Products!A1424 -> ART00223 | B12: =Products!B1424 -> TOBIGO Pyramido Lemon | C12: =IF(OR(ISNUMBER(SEARCH("SELHAM",B12)),ISNUMBER(SEARCH("LHAFLA",B12)),ISNUMBER(SEARCH("ZINE",B12)),ISNUMBER(SEARCH("tiyay",B12)),ISNUMBER(SEARCH("alouns",B12)),ISNUMBER(SEARCH("lmhrat",B12))),"The Al Itkane",IF(AND(ISNUMBER(SEARCH("CALIN",B12)),ISNUMBER(SEARCH("RP",B12)),NOT(ISNUMBER(SEARCH("VP",B12)))),"Calin RP",IF(AND(ISNUMBER(SEARCH("CALIN",B12)),ISNUMBER(SEARCH("VP",B12))),"Calin VP",IF(AND(ISNUMBER(SEARCH("MIO",B12)),OR(ISNUMBER(SEARCH("Vaisselle",B12)),ISNUMBER(SEARCH("vaisselle",B12)))),"Mio Liquid Vaisselle",IF(AND(ISNUMBER(SEARCH("MIO",B12)),ISNUMBER(SEARCH("Javel",B12))),"Mio Javel",IF(AND(ISNUMBER(SEARCH("MIO",B12)),ISNUMBER(SEARCH("Matic",B12))),"Mio Matic",IF(AND(ISNUMBER(SEARCH("MIO",B12)),OR(ISNUMBER(SEARCH("Détérgent",B12)),ISNUMBER(SEARCH("Poudre",B12)),ISNUMBER(SEARCH("Semi Auto",B12)),ISNUMBER(SEARCH("1KG",B12)),ISNUMBER(SEARCH("500G",B12)),ISNUMBER(SEARCH("10KG",B12)),ISNUMBER(SEARCH("1.5K",B12)),ISNUMBER(SEARCH("215G",B12)),ISNUMBER(SEARCH("350G",B12)),ISNUMBER(SEARCH("90G",B12)),ISNUMBER(SEARCH("Gold",B12)),ISNUMBER(SEARCH("Citron",B12)),ISNUMBER(SEARCH("Rose",B12)),ISNUMBER(SEARCH("Lessive",B12))),NOT(OR(ISNUMBER(SEARCH("Vaisselle",B12)),ISNUMBER(SEARCH("Javel",B12)),ISNUMBER(SEARCH("Matic",B12)),ISNUMBER(SEARCH("Nettoyant",B12)),ISNUMBER(SEARCH("Pâte",B12)),ISNUMBER(SEARCH("Lave",B12)),ISNUMBER(SEARCH("Détartrant",B12))))),"Mio main (1k+500gr)",IF(AND(ISNUMBER(SEARCH("PAPILLON",B12)),OR(ISNUMBER(SEARCH("Papier",B12)),ISNUMBER(SEARCH("Hygiénique",B12)),ISNUMBER(SEARCH("HYGIÉNIQUE",B12))),NOT(OR(ISNUMBER(SEARCH("Lingette",B12)),ISNUMBER(SEARCH("Mouchoir",B12))))),"Papillon Papier",IF(OR(ISNUMBER(SEARCH("TAJ AL SAHAR",B12)),ISNUMBER(SEARCH("TAJ BLADI",B12)),ISNUMBER(SEARCH("TAJ BELADI",B12)),ISNUMBER(SEARCH("Tilal Assahra",B12)),ISNUMBER(SEARCH("Jawharat Asahra",B12))),"TAJ SAHARA",IF(AND(OR(ISNUMBER(SEARCH("AL ITKANE",B12)),ISNUMBER(SEARCH("ALITKANE",B12)),ISNUMBER(SEARCH("PRESTO",B12))),NOT(OR(ISNUMBER(SEARCH("Thé",B12)),ISNUMBER(SEARCH("THE ",B12)),ISNUMBER(SEARCH("thé",B12)),ISNUMBER(SEARCH("SELHAM",B12)),ISNUMBER(SEARCH("LHAFLA",B12)),ISNUMBER(SEARCH("ZINE",B12)),ISNUMBER(SEARCH("tiyay",B12)),ISNUMBER(SEARCH("alouns",B12)),ISNUMBER(SEARCH("lmhrat",B12))))),"Al Itkrans + Presto",IF(OR(ISNUMBER(SEARCH("DALAA",B12)),ISNUMBER(SEARCH("CS-DALAA",B12)),ISNUMBER(SEARCH("DALINA",B12))),"Dalaa VP / Baqqal / RP",IF(OR(LEFT(UPPER(B12),4)="MIA ",LEFT(UPPER(B12),6)="CS-MIA"),"Mia",IF(OR(LEFT(UPPER(B12),5)="NOVA ",LEFT(UPPER(B12),7)="CS-NOVA"),"Nova",IF(OR(ISNUMBER(SEARCH("PRIMA ",B12)),ISNUMBER(SEARCH("CS-PRIMA",B12))),"Prima",IF(OR(ISNUMBER(SEARCH("Douceur",B12)),ISNUMBER(SEARCH("DOUCEUR",B12))),"Douceur",IF(OR(ISNUMBER(SEARCH("SANGO",B12)),ISNUMBER(SEARCH("CS-SANGO",B12))),"SANGO",IF(ISNUMBER(SEARCH("BLANDOUX",B12)),"Blandoux",IF(ISNUMBER(SEARCH("SHIWAMI",B12)),"Shiwame",IF(ISNUMBER(SEARCH("KELLOGG",B12)),"Kelloggs",IF(OR(ISNUMBER(SEARCH("TOBIGO",B12)),ISNUMBER(SEARCH("DWIST",B12))),"Tobigo",IF(OR(ISNUMBER(SEARCH("MARISOL",B12)),ISNUMBER(SEARCH("MARESOL",B12))),"Maresol",IF(OR(ISNUMBER(SEARCH("TAKIS",B12)),ISNUMBER(SEARCH("TAKYS",B12))),"TAKYS",IF(ISNUMBER(SEARCH("TAWIL",B12)),"Tawil",IF(ISNUMBER(SEARCH("FROMY",B12)),"Fromy","")))))))))))))))))))))))) -> Tobigo | E12: Mio Matic | F12: =COUNTIF(C:C,E12) -> 17
A13: =Products!A1425 -> ART00224 | B13: =Products!B1425 -> TOBIGO Chookies | C13: =IF(OR(ISNUMBER(SEARCH("SELHAM",B13)),ISNUMBER(SEARCH("LHAFLA",B13)),ISNUMBER(SEARCH("ZINE",B13)),ISNUMBER(SEARCH("tiyay",B13)),ISNUMBER(SEARCH("alouns",B13)),ISNUMBER(SEARCH("lmhrat",B13))),"The Al Itkane",IF(AND(ISNUMBER(SEARCH("CALIN",B13)),ISNUMBER(SEARCH("RP",B13)),NOT(ISNUMBER(SEARCH("VP",B13)))),"Calin RP",IF(AND(ISNUMBER(SEARCH("CALIN",B13)),ISNUMBER(SEARCH("VP",B13))),"Calin VP",IF(AND(ISNUMBER(SEARCH("MIO",B13)),OR(ISNUMBER(SEARCH("Vaisselle",B13)),ISNUMBER(SEARCH("vaisselle",B13)))),"Mio Liquid Vaisselle",IF(AND(ISNUMBER(SEARCH("MIO",B13)),ISNUMBER(SEARCH("Javel",B13))),"Mio Javel",IF(AND(ISNUMBER(SEARCH("MIO",B13)),ISNUMBER(SEARCH("Matic",B13))),"Mio Matic",IF(AND(ISNUMBER(SEARCH("MIO",B13)),OR(ISNUMBER(SEARCH("Détérgent",B13)),ISNUMBER(SEARCH("Poudre",B13)),ISNUMBER(SEARCH("Semi Auto",B13)),ISNUMBER(SEARCH("1KG",B13)),ISNUMBER(SEARCH("500G",B13)),ISNUMBER(SEARCH("10KG",B13)),ISNUMBER(SEARCH("1.5K",B13)),ISNUMBER(SEARCH("215G",B13)),ISNUMBER(SEARCH("350G",B13)),ISNUMBER(SEARCH("90G",B13)),ISNUMBER(SEARCH("Gold",B13)),ISNUMBER(SEARCH("Citron",B13)),ISNUMBER(SEARCH("Rose",B13)),ISNUMBER(SEARCH("Lessive",B13))),NOT(OR(ISNUMBER(SEARCH("Vaisselle",B13)),ISNUMBER(SEARCH("Javel",B13)),ISNUMBER(SEARCH("Matic",B13)),ISNUMBER(SEARCH("Nettoyant",B13)),ISNUMBER(SEARCH("Pâte",B13)),ISNUMBER(SEARCH("Lave",B13)),ISNUMBER(SEARCH("Détartrant",B13))))),"Mio main (1k+500gr)",IF(AND(ISNUMBER(SEARCH("PAPILLON",B13)),OR(ISNUMBER(SEARCH("Papier",B13)),ISNUMBER(SEARCH("Hygiénique",B13)),ISNUMBER(SEARCH("HYGIÉNIQUE",B13))),NOT(OR(ISNUMBER(SEARCH("Lingette",B13)),ISNUMBER(SEARCH("Mouchoir",B13))))),"Papillon Papier",IF(OR(ISNUMBER(SEARCH("TAJ AL SAHAR",B13)),ISNUMBER(SEARCH("TAJ BLADI",B13)),ISNUMBER(SEARCH("TAJ BELADI",B13)),ISNUMBER(SEARCH("Tilal Assahra",B13)),ISNUMBER(SEARCH("Jawharat Asahra",B13))),"TAJ SAHARA",IF(AND(OR(ISNUMBER(SEARCH("AL ITKANE",B13)),ISNUMBER(SEARCH("ALITKANE",B13)),ISNUMBER(SEARCH("PRESTO",B13))),NOT(OR(ISNUMBER(SEARCH("Thé",B13)),ISNUMBER(SEARCH("THE ",B13)),ISNUMBER(SEARCH("thé",B13)),ISNUMBER(SEARCH("SELHAM",B13)),ISNUMBER(SEARCH("LHAFLA",B13)),ISNUMBER(SEARCH("ZINE",B13)),ISNUMBER(SEARCH("tiyay",B13)),ISNUMBER(SEARCH("alouns",B13)),ISNUMBER(SEARCH("lmhrat",B13))))),"Al Itkrans + Presto",IF(OR(ISNUMBER(SEARCH("DALAA",B13)),ISNUMBER(SEARCH("CS-DALAA",B13)),ISNUMBER(SEARCH("DALINA",B13))),"Dalaa VP / Baqqal / RP",IF(OR(LEFT(UPPER(B13),4)="MIA ",LEFT(UPPER(B13),6)="CS-MIA"),"Mia",IF(OR(LEFT(UPPER(B13),5)="NOVA ",LEFT(UPPER(B13),7)="CS-NOVA"),"Nova",IF(OR(ISNUMBER(SEARCH("PRIMA ",B13)),ISNUMBER(SEARCH("CS-PRIMA",B13))),"Prima",IF(OR(ISNUMBER(SEARCH("Douceur",B13)),ISNUMBER(SEARCH("DOUCEUR",B13))),"Douceur",IF(OR(ISNUMBER(SEARCH("SANGO",B13)),ISNUMBER(SEARCH("CS-SANGO",B13))),"SANGO",IF(ISNUMBER(SEARCH("BLANDOUX",B13)),"Blandoux",IF(ISNUMBER(SEARCH("SHIWAMI",B13)),"Shiwame",IF(ISNUMBER(SEARCH("KELLOGG",B13)),"Kelloggs",IF(OR(ISNUMBER(SEARCH("TOBIGO",B13)),ISNUMBER(SEARCH("DWIST",B13))),"Tobigo",IF(OR(ISNUMBER(SEARCH("MARISOL",B13)),ISNUMBER(SEARCH("MARESOL",B13))),"Maresol",IF(OR(ISNUMBER(SEARCH("TAKIS",B13)),ISNUMBER(SEARCH("TAKYS",B13))),"TAKYS",IF(ISNUMBER(SEARCH("TAWIL",B13)),"Tawil",IF(ISNUMBER(SEARCH("FROMY",B13)),"Fromy","")))))))))))))))))))))))) -> Tobigo | E13: Papillon Papier | F13: =COUNTIF(C:C,E13) -> 4
A14: =Products!A1426 -> ART00225 | B14: =Products!B1426 -> TOBIGO Pyramido Milk Chocolate | C14: =IF(OR(ISNUMBER(SEARCH("SELHAM",B14)),ISNUMBER(SEARCH("LHAFLA",B14)),ISNUMBER(SEARCH("ZINE",B14)),ISNUMBER(SEARCH("tiyay",B14)),ISNUMBER(SEARCH("alouns",B14)),ISNUMBER(SEARCH("lmhrat",B14))),"The Al Itkane",IF(AND(ISNUMBER(SEARCH("CALIN",B14)),ISNUMBER(SEARCH("RP",B14)),NOT(ISNUMBER(SEARCH("VP",B14)))),"Calin RP",IF(AND(ISNUMBER(SEARCH("CALIN",B14)),ISNUMBER(SEARCH("VP",B14))),"Calin VP",IF(AND(ISNUMBER(SEARCH("MIO",B14)),OR(ISNUMBER(SEARCH("Vaisselle",B14)),ISNUMBER(SEARCH("vaisselle",B14)))),"Mio Liquid Vaisselle",IF(AND(ISNUMBER(SEARCH("MIO",B14)),ISNUMBER(SEARCH("Javel",B14))),"Mio Javel",IF(AND(ISNUMBER(SEARCH("MIO",B14)),ISNUMBER(SEARCH("Matic",B14))),"Mio Matic",IF(AND(ISNUMBER(SEARCH("MIO",B14)),OR(ISNUMBER(SEARCH("Détérgent",B14)),ISNUMBER(SEARCH("Poudre",B14)),ISNUMBER(SEARCH("Semi Auto",B14)),ISNUMBER(SEARCH("1KG",B14)),ISNUMBER(SEARCH("500G",B14)),ISNUMBER(SEARCH("10KG",B14)),ISNUMBER(SEARCH("1.5K",B14)),ISNUMBER(SEARCH("215G",B14)),ISNUMBER(SEARCH("350G",B14)),ISNUMBER(SEARCH("90G",B14)),ISNUMBER(SEARCH("Gold",B14)),ISNUMBER(SEARCH("Citron",B14)),ISNUMBER(SEARCH("Rose",B14)),ISNUMBER(SEARCH("Lessive",B14))),NOT(OR(ISNUMBER(SEARCH("Vaisselle",B14)),ISNUMBER(SEARCH("Javel",B14)),ISNUMBER(SEARCH("Matic",B14)),ISNUMBER(SEARCH("Nettoyant",B14)),ISNUMBER(SEARCH("Pâte",B14)),ISNUMBER(SEARCH("Lave",B14)),ISNUMBER(SEARCH("Détartrant",B14))))),"Mio main (1k+500gr)",IF(AND(ISNUMBER(SEARCH("PAPILLON",B14)),OR(ISNUMBER(SEARCH("Papier",B14)),ISNUMBER(SEARCH("Hygiénique",B14)),ISNUMBER(SEARCH("HYGIÉNIQUE",B14))),NOT(OR(ISNUMBER(SEARCH("Lingette",B14)),ISNUMBER(SEARCH("Mouchoir",B14))))),"Papillon Papier",IF(OR(ISNUMBER(SEARCH("TAJ AL SAHAR",B14)),ISNUMBER(SEARCH("TAJ BLADI",B14)),ISNUMBER(SEARCH("TAJ BELADI",B14)),ISNUMBER(SEARCH("Tilal Assahra",B14)),ISNUMBER(SEARCH("Jawharat Asahra",B14))),"TAJ SAHARA",IF(AND(OR(ISNUMBER(SEARCH("AL ITKANE",B14)),ISNUMBER(SEARCH("ALITKANE",B14)),ISNUMBER(SEARCH("PRESTO",B14))),NOT(OR(ISNUMBER(SEARCH("Thé",B14)),ISNUMBER(SEARCH("THE ",B14)),ISNUMBER(SEARCH("thé",B14)),ISNUMBER(SEARCH("SELHAM",B14)),ISNUMBER(SEARCH("LHAFLA",B14)),ISNUMBER(SEARCH("ZINE",B14)),ISNUMBER(SEARCH("tiyay",B14)),ISNUMBER(SEARCH("alouns",B14)),ISNUMBER(SEARCH("lmhrat",B14))))),"Al Itkrans + Presto",IF(OR(ISNUMBER(SEARCH("DALAA",B14)),ISNUMBER(SEARCH("CS-DALAA",B14)),ISNUMBER(SEARCH("DALINA",B14))),"Dalaa VP / Baqqal / RP",IF(OR(LEFT(UPPER(B14),4)="MIA ",LEFT(UPPER(B14),6)="CS-MIA"),"Mia",IF(OR(LEFT(UPPER(B14),5)="NOVA ",LEFT(UPPER(B14),7)="CS-NOVA"),"Nova",IF(OR(ISNUMBER(SEARCH("PRIMA ",B14)),ISNUMBER(SEARCH("CS-PRIMA",B14))),"Prima",IF(OR(ISNUMBER(SEARCH("Douceur",B14)),ISNUMBER(SEARCH("DOUCEUR",B14))),"Douceur",IF(OR(ISNUMBER(SEARCH("SANGO",B14)),ISNUMBER(SEARCH("CS-SANGO",B14))),"SANGO",IF(ISNUMBER(SEARCH("BLANDOUX",B14)),"Blandoux",IF(ISNUMBER(SEARCH("SHIWAMI",B14)),"Shiwame",IF(ISNUMBER(SEARCH("KELLOGG",B14)),"Kelloggs",IF(OR(ISNUMBER(SEARCH("TOBIGO",B14)),ISNUMBER(SEARCH("DWIST",B14))),"Tobigo",IF(OR(ISNUMBER(SEARCH("MARISOL",B14)),ISNUMBER(SEARCH("MARESOL",B14))),"Maresol",IF(OR(ISNUMBER(SEARCH("TAKIS",B14)),ISNUMBER(SEARCH("TAKYS",B14))),"TAKYS",IF(ISNUMBER(SEARCH("TAWIL",B14)),"Tawil",IF(ISNUMBER(SEARCH("FROMY",B14)),"Fromy","")))))))))))))))))))))))) -> Tobigo | E14: SANGO | F14: =COUNTIF(C:C,E14) -> 15
A15: =Products!A1427 -> ART00226 | B15: =Products!B1427 -> TOBIGO Bleo chocolate enrobé | C15: =IF(OR(ISNUMBER(SEARCH("SELHAM",B15)),ISNUMBER(SEARCH("LHAFLA",B15)),ISNUMBER(SEARCH("ZINE",B15)),ISNUMBER(SEARCH("tiyay",B15)),ISNUMBER(SEARCH("alouns",B15)),ISNUMBER(SEARCH("lmhrat",B15))),"The Al Itkane",IF(AND(ISNUMBER(SEARCH("CALIN",B15)),ISNUMBER(SEARCH("RP",B15)),NOT(ISNUMBER(SEARCH("VP",B15)))),"Calin RP",IF(AND(ISNUMBER(SEARCH("CALIN",B15)),ISNUMBER(SEARCH("VP",B15))),"Calin VP",IF(AND(ISNUMBER(SEARCH("MIO",B15)),OR(ISNUMBER(SEARCH("Vaisselle",B15)),ISNUMBER(SEARCH("vaisselle",B15)))),"Mio Liquid Vaisselle",IF(AND(ISNUMBER(SEARCH("MIO",B15)),ISNUMBER(SEARCH("Javel",B15))),"Mio Javel",IF(AND(ISNUMBER(SEARCH("MIO",B15)),ISNUMBER(SEARCH("Matic",B15))),"Mio Matic",IF(AND(ISNUMBER(SEARCH("MIO",B15)),OR(ISNUMBER(SEARCH("Détérgent",B15)),ISNUMBER(SEARCH("Poudre",B15)),ISNUMBER(SEARCH("Semi Auto",B15)),ISNUMBER(SEARCH("1KG",B15)),ISNUMBER(SEARCH("500G",B15)),ISNUMBER(SEARCH("10KG",B15)),ISNUMBER(SEARCH("1.5K",B15)),ISNUMBER(SEARCH("215G",B15)),ISNUMBER(SEARCH("350G",B15)),ISNUMBER(SEARCH("90G",B15)),ISNUMBER(SEARCH("Gold",B15)),ISNUMBER(SEARCH("Citron",B15)),ISNUMBER(SEARCH("Rose",B15)),ISNUMBER(SEARCH("Lessive",B15))),NOT(OR(ISNUMBER(SEARCH("Vaisselle",B15)),ISNUMBER(SEARCH("Javel",B15)),ISNUMBER(SEARCH("Matic",B15)),ISNUMBER(SEARCH("Nettoyant",B15)),ISNUMBER(SEARCH("Pâte",B15)),ISNUMBER(SEARCH("Lave",B15)),ISNUMBER(SEARCH("Détartrant",B15))))),"Mio main (1k+500gr)",IF(AND(ISNUMBER(SEARCH("PAPILLON",B15)),OR(ISNUMBER(SEARCH("Papier",B15)),ISNUMBER(SEARCH("Hygiénique",B15)),ISNUMBER(SEARCH("HYGIÉNIQUE",B15))),NOT(OR(ISNUMBER(SEARCH("Lingette",B15)),ISNUMBER(SEARCH("Mouchoir",B15))))),"Papillon Papier",IF(OR(ISNUMBER(SEARCH("TAJ AL SAHAR",B15)),ISNUMBER(SEARCH("TAJ BLADI",B15)),ISNUMBER(SEARCH("TAJ BELADI",B15)),ISNUMBER(SEARCH("Tilal Assahra",B15)),ISNUMBER(SEARCH("Jawharat Asahra",B15))),"TAJ SAHARA",IF(AND(OR(ISNUMBER(SEARCH("AL ITKANE",B15)),ISNUMBER(SEARCH("ALITKANE",B15)),ISNUMBER(SEARCH("PRESTO",B15))),NOT(OR(ISNUMBER(SEARCH("Thé",B15)),ISNUMBER(SEARCH("THE ",B15)),ISNUMBER(SEARCH("thé",B15)),ISNUMBER(SEARCH("SELHAM",B15)),ISNUMBER(SEARCH("LHAFLA",B15)),ISNUMBER(SEARCH("ZINE",B15)),ISNUMBER(SEARCH("tiyay",B15)),ISNUMBER(SEARCH("alouns",B15)),ISNUMBER(SEARCH("lmhrat",B15))))),"Al Itkrans + Presto",IF(OR(ISNUMBER(SEARCH("DALAA",B15)),ISNUMBER(SEARCH("CS-DALAA",B15)),ISNUMBER(SEARCH("DALINA",B15))),"Dalaa VP / Baqqal / RP",IF(OR(LEFT(UPPER(B15),4)="MIA ",LEFT(UPPER(B15),6)="CS-MIA"),"Mia",IF(OR(LEFT(UPPER(B15),5)="NOVA ",LEFT(UPPER(B15),7)="CS-NOVA"),"Nova",IF(OR(ISNUMBER(SEARCH("PRIMA ",B15)),ISNUMBER(SEARCH("CS-PRIMA",B15))),"Prima",IF(OR(ISNUMBER(SEARCH("Douceur",B15)),ISNUMBER(SEARCH("DOUCEUR",B15))),"Douceur",IF(OR(ISNUMBER(SEARCH("SANGO",B15)),ISNUMBER(SEARCH("CS-SANGO",B15))),"SANGO",IF(ISNUMBER(SEARCH("BLANDOUX",B15)),"Blandoux",IF(ISNUMBER(SEARCH("SHIWAMI",B15)),"Shiwame",IF(ISNUMBER(SEARCH("KELLOGG",B15)),"Kelloggs",IF(OR(ISNUMBER(SEARCH("TOBIGO",B15)),ISNUMBER(SEARCH("DWIST",B15))),"Tobigo",IF(OR(ISNUMBER(SEARCH("MARISOL",B15)),ISNUMBER(SEARCH("MARESOL",B15))),"Maresol",IF(OR(ISNUMBER(SEARCH("TAKIS",B15)),ISNUMBER(SEARCH("TAKYS",B15))),"TAKYS",IF(ISNUMBER(SEARCH("TAWIL",B15)),"Tawil",IF(ISNUMBER(SEARCH("FROMY",B15)),"Fromy","")))))))))))))))))))))))) -> Tobigo | E15: Blandoux | F15: =COUNTIF(C:C,E15) -> 1
A16: =Products!A1428 -> ART00227 | B16: =Products!B1428 -> TOBIGO Crousty Vanilla Cream | C16: =IF(OR(ISNUMBER(SEARCH("SELHAM",B16)),ISNUMBER(SEARCH("LHAFLA",B16)),ISNUMBER(SEARCH("ZINE",B16)),ISNUMBER(SEARCH("tiyay",B16)),ISNUMBER(SEARCH("alouns",B16)),ISNUMBER(SEARCH("lmhrat",B16))),"The Al Itkane",IF(AND(ISNUMBER(SEARCH("CALIN",B16)),ISNUMBER(SEARCH("RP",B16)),NOT(ISNUMBER(SEARCH("VP",B16)))),"Calin RP",IF(AND(ISNUMBER(SEARCH("CALIN",B16)),ISNUMBER(SEARCH("VP",B16))),"Calin VP",IF(AND(ISNUMBER(SEARCH("MIO",B16)),OR(ISNUMBER(SEARCH("Vaisselle",B16)),ISNUMBER(SEARCH("vaisselle",B16)))),"Mio Liquid Vaisselle",IF(AND(ISNUMBER(SEARCH("MIO",B16)),ISNUMBER(SEARCH("Javel",B16))),"Mio Javel",IF(AND(ISNUMBER(SEARCH("MIO",B16)),ISNUMBER(SEARCH("Matic",B16))),"Mio Matic",IF(AND(ISNUMBER(SEARCH("MIO",B16)),OR(ISNUMBER(SEARCH("Détérgent",B16)),ISNUMBER(SEARCH("Poudre",B16)),ISNUMBER(SEARCH("Semi Auto",B16)),ISNUMBER(SEARCH("1KG",B16)),ISNUMBER(SEARCH("500G",B16)),ISNUMBER(SEARCH("10KG",B16)),ISNUMBER(SEARCH("1.5K",B16)),ISNUMBER(SEARCH("215G",B16)),ISNUMBER(SEARCH("350G",B16)),ISNUMBER(SEARCH("90G",B16)),ISNUMBER(SEARCH("Gold",B16)),ISNUMBER(SEARCH("Citron",B16)),ISNUMBER(SEARCH("Rose",B16)),ISNUMBER(SEARCH("Lessive",B16))),NOT(OR(ISNUMBER(SEARCH("Vaisselle",B16)),ISNUMBER(SEARCH("Javel",B16)),ISNUMBER(SEARCH("Matic",B16)),ISNUMBER(SEARCH("Nettoyant",B16)),ISNUMBER(SEARCH("Pâte",B16)),ISNUMBER(SEARCH("Lave",B16)),ISNUMBER(SEARCH("Détartrant",B16))))),"Mio main (1k+500gr)",IF(AND(ISNUMBER(SEARCH("PAPILLON",B16)),OR(ISNUMBER(SEARCH("Papier",B16)),ISNUMBER(SEARCH("Hygiénique",B16)),ISNUMBER(SEARCH("HYGIÉNIQUE",B16))),NOT(OR(ISNUMBER(SEARCH("Lingette",B16)),ISNUMBER(SEARCH("Mouchoir",B16))))),"Papillon Papier",IF(OR(ISNUMBER(SEARCH("TAJ AL SAHAR",B16)),ISNUMBER(SEARCH("TAJ BLADI",B16)),ISNUMBER(SEARCH("TAJ BELADI",B16)),ISNUMBER(SEARCH("Tilal Assahra",B16)),ISNUMBER(SEARCH("Jawharat Asahra",B16))),"TAJ SAHARA",IF(AND(OR(ISNUMBER(SEARCH("AL ITKANE",B16)),ISNUMBER(SEARCH("ALITKANE",B16)),ISNUMBER(SEARCH("PRESTO",B16))),NOT(OR(ISNUMBER(SEARCH("Thé",B16)),ISNUMBER(SEARCH("THE ",B16)),ISNUMBER(SEARCH("thé",B16)),ISNUMBER(SEARCH("SELHAM",B16)),ISNUMBER(SEARCH("LHAFLA",B16)),ISNUMBER(SEARCH("ZINE",B16)),ISNUMBER(SEARCH("tiyay",B16)),ISNUMBER(SEARCH("alouns",B16)),ISNUMBER(SEARCH("lmhrat",B16))))),"Al Itkrans + Presto",IF(OR(ISNUMBER(SEARCH("DALAA",B16)),ISNUMBER(SEARCH("CS-DALAA",B16)),ISNUMBER(SEARCH("DALINA",B16))),"Dalaa VP / Baqqal / RP",IF(OR(LEFT(UPPER(B16),4)="MIA ",LEFT(UPPER(B16),6)="CS-MIA"),"Mia",IF(OR(LEFT(UPPER(B16),5)="NOVA ",LEFT(UPPER(B16),7)="CS-NOVA"),"Nova",IF(OR(ISNUMBER(SEARCH("PRIMA ",B16)),ISNUMBER(SEARCH("CS-PRIMA",B16))),"Prima",IF(OR(ISNUMBER(SEARCH("Douceur",B16)),ISNUMBER(SEARCH("DOUCEUR",B16))),"Douceur",IF(OR(ISNUMBER(SEARCH("SANGO",B16)),ISNUMBER(SEARCH("CS-SANGO",B16))),"SANGO",IF(ISNUMBER(SEARCH("BLANDOUX",B16)),"Blandoux",IF(ISNUMBER(SEARCH("SHIWAMI",B16)),"Shiwame",IF(ISNUMBER(SEARCH("KELLOGG",B16)),"Kelloggs",IF(OR(ISNUMBER(SEARCH("TOBIGO",B16)),ISNUMBER(SEARCH("DWIST",B16))),"Tobigo",IF(OR(ISNUMBER(SEARCH("MARISOL",B16)),ISNUMBER(SEARCH("MARESOL",B16))),"Maresol",IF(OR(ISNUMBER(SEARCH("TAKIS",B16)),ISNUMBER(SEARCH("TAKYS",B16))),"TAKYS",IF(ISNUMBER(SEARCH("TAWIL",B16)),"Tawil",IF(ISNUMBER(SEARCH("FROMY",B16)),"Fromy","")))))))))))))))))))))))) -> Tobigo | E16: Shiwame | F16: =COUNTIF(C:C,E16) -> 8
A17: =Products!A1429 -> ART00228 | B17: =Products!B1429 -> TOBIGO Trio Choco & Coco | C17: =IF(OR(ISNUMBER(SEARCH("SELHAM",B17)),ISNUMBER(SEARCH("LHAFLA",B17)),ISNUMBER(SEARCH("ZINE",B17)),ISNUMBER(SEARCH("tiyay",B17)),ISNUMBER(SEARCH("alouns",B17)),ISNUMBER(SEARCH("lmhrat",B17))),"The Al Itkane",IF(AND(ISNUMBER(SEARCH("CALIN",B17)),ISNUMBER(SEARCH("RP",B17)),NOT(ISNUMBER(SEARCH("VP",B17)))),"Calin RP",IF(AND(ISNUMBER(SEARCH("CALIN",B17)),ISNUMBER(SEARCH("VP",B17))),"Calin VP",IF(AND(ISNUMBER(SEARCH("MIO",B17)),OR(ISNUMBER(SEARCH("Vaisselle",B17)),ISNUMBER(SEARCH("vaisselle",B17)))),"Mio Liquid Vaisselle",IF(AND(ISNUMBER(SEARCH("MIO",B17)),ISNUMBER(SEARCH("Javel",B17))),"Mio Javel",IF(AND(ISNUMBER(SEARCH("MIO",B17)),ISNUMBER(SEARCH("Matic",B17))),"Mio Matic",IF(AND(ISNUMBER(SEARCH("MIO",B17)),OR(ISNUMBER(SEARCH("Détérgent",B17)),ISNUMBER(SEARCH("Poudre",B17)),ISNUMBER(SEARCH("Semi Auto",B17)),ISNUMBER(SEARCH("1KG",B17)),ISNUMBER(SEARCH("500G",B17)),ISNUMBER(SEARCH("10KG",B17)),ISNUMBER(SEARCH("1.5K",B17)),ISNUMBER(SEARCH("215G",B17)),ISNUMBER(SEARCH("350G",B17)),ISNUMBER(SEARCH("90G",B17)),ISNUMBER(SEARCH("Gold",B17)),ISNUMBER(SEARCH("Citron",B17)),ISNUMBER(SEARCH("Rose",B17)),ISNUMBER(SEARCH("Lessive",B17))),NOT(OR(ISNUMBER(SEARCH("Vaisselle",B17)),ISNUMBER(SEARCH("Javel",B17)),ISNUMBER(SEARCH("Matic",B17)),ISNUMBER(SEARCH("Nettoyant",B17)),ISNUMBER(SEARCH("Pâte",B17)),ISNUMBER(SEARCH("Lave",B17)),ISNUMBER(SEARCH("Détartrant",B17))))),"Mio main (1k+500gr)",IF(AND(ISNUMBER(SEARCH("PAPILLON",B17)),OR(ISNUMBER(SEARCH("Papier",B17)),ISNUMBER(SEARCH("Hygiénique",B17)),ISNUMBER(SEARCH("HYGIÉNIQUE",B17))),NOT(OR(ISNUMBER(SEARCH("Lingette",B17)),ISNUMBER(SEARCH("Mouchoir",B17))))),"Papillon Papier",IF(OR(ISNUMBER(SEARCH("TAJ AL SAHAR",B17)),ISNUMBER(SEARCH("TAJ BLADI",B17)),ISNUMBER(SEARCH("TAJ BELADI",B17)),ISNUMBER(SEARCH("Tilal Assahra",B17)),ISNUMBER(SEARCH("Jawharat Asahra",B17))),"TAJ SAHARA",IF(AND(OR(ISNUMBER(SEARCH("AL ITKANE",B17)),ISNUMBER(SEARCH("ALITKANE",B17)),ISNUMBER(SEARCH("PRESTO",B17))),NOT(OR(ISNUMBER(SEARCH("Thé",B17)),ISNUMBER(SEARCH("THE ",B17)),ISNUMBER(SEARCH("thé",B17)),ISNUMBER(SEARCH("SELHAM",B17)),ISNUMBER(SEARCH("LHAFLA",B17)),ISNUMBER(SEARCH("ZINE",B17)),ISNUMBER(SEARCH("tiyay",B17)),ISNUMBER(SEARCH("alouns",B17)),ISNUMBER(SEARCH("lmhrat",B17))))),"Al Itkrans + Presto",IF(OR(ISNUMBER(SEARCH("DALAA",B17)),ISNUMBER(SEARCH("CS-DALAA",B17)),ISNUMBER(SEARCH("DALINA",B17))),"Dalaa VP / Baqqal / RP",IF(OR(LEFT(UPPER(B17),4)="MIA ",LEFT(UPPER(B17),6)="CS-MIA"),"Mia",IF(OR(LEFT(UPPER(B17),5)="NOVA ",LEFT(UPPER(B17),7)="CS-NOVA"),"Nova",IF(OR(ISNUMBER(SEARCH("PRIMA ",B17)),ISNUMBER(SEARCH("CS-PRIMA",B17))),"Prima",IF(OR(ISNUMBER(SEARCH("Douceur",B17)),ISNUMBER(SEARCH("DOUCEUR",B17))),"Douceur",IF(OR(ISNUMBER(SEARCH("SANGO",B17)),ISNUMBER(SEARCH("CS-SANGO",B17))),"SANGO",IF(ISNUMBER(SEARCH("BLANDOUX",B17)),"Blandoux",IF(ISNUMBER(SEARCH("SHIWAMI",B17)),"Shiwame",IF(ISNUMBER(SEARCH("KELLOGG",B17)),"Kelloggs",IF(OR(ISNUMBER(SEARCH("TOBIGO",B17)),ISNUMBER(SEARCH("DWIST",B17))),"Tobigo",IF(OR(ISNUMBER(SEARCH("MARISOL",B17)),ISNUMBER(SEARCH("MARESOL",B17))),"Maresol",IF(OR(ISNUMBER(SEARCH("TAKIS",B17)),ISNUMBER(SEARCH("TAKYS",B17))),"TAKYS",IF(ISNUMBER(SEARCH("TAWIL",B17)),"Tawil",IF(ISNUMBER(SEARCH("FROMY",B17)),"Fromy","")))))))))))))))))))))))) -> Tobigo | E17: Kelloggs | F17: =COUNTIF(C:C,E17) -> 7
A18: =Products!A1430 -> ART00229 | B18: =Products!B1430 -> TOBIGO Cookies | C18: =IF(OR(ISNUMBER(SEARCH("SELHAM",B18)),ISNUMBER(SEARCH("LHAFLA",B18)),ISNUMBER(SEARCH("ZINE",B18)),ISNUMBER(SEARCH("tiyay",B18)),ISNUMBER(SEARCH("alouns",B18)),ISNUMBER(SEARCH("lmhrat",B18))),"The Al Itkane",IF(AND(ISNUMBER(SEARCH("CALIN",B18)),ISNUMBER(SEARCH("RP",B18)),NOT(ISNUMBER(SEARCH("VP",B18)))),"Calin RP",IF(AND(ISNUMBER(SEARCH("CALIN",B18)),ISNUMBER(SEARCH("VP",B18))),"Calin VP",IF(AND(ISNUMBER(SEARCH("MIO",B18)),OR(ISNUMBER(SEARCH("Vaisselle",B18)),ISNUMBER(SEARCH("vaisselle",B18)))),"Mio Liquid Vaisselle",IF(AND(ISNUMBER(SEARCH("MIO",B18)),ISNUMBER(SEARCH("Javel",B18))),"Mio Javel",IF(AND(ISNUMBER(SEARCH("MIO",B18)),ISNUMBER(SEARCH("Matic",B18))),"Mio Matic",IF(AND(ISNUMBER(SEARCH("MIO",B18)),OR(ISNUMBER(SEARCH("Détérgent",B18)),ISNUMBER(SEARCH("Poudre",B18)),ISNUMBER(SEARCH("Semi Auto",B18)),ISNUMBER(SEARCH("1KG",B18)),ISNUMBER(SEARCH("500G",B18)),ISNUMBER(SEARCH("10KG",B18)),ISNUMBER(SEARCH("1.5K",B18)),ISNUMBER(SEARCH("215G",B18)),ISNUMBER(SEARCH("350G",B18)),ISNUMBER(SEARCH("90G",B18)),ISNUMBER(SEARCH("Gold",B18)),ISNUMBER(SEARCH("Citron",B18)),ISNUMBER(SEARCH("Rose",B18)),ISNUMBER(SEARCH("Lessive",B18))),NOT(OR(ISNUMBER(SEARCH("Vaisselle",B18)),ISNUMBER(SEARCH("Javel",B18)),ISNUMBER(SEARCH("Matic",B18)),ISNUMBER(SEARCH("Nettoyant",B18)),ISNUMBER(SEARCH("Pâte",B18)),ISNUMBER(SEARCH("Lave",B18)),ISNUMBER(SEARCH("Détartrant",B18))))),"Mio main (1k+500gr)",IF(AND(ISNUMBER(SEARCH("PAPILLON",B18)),OR(ISNUMBER(SEARCH("Papier",B18)),ISNUMBER(SEARCH("Hygiénique",B18)),ISNUMBER(SEARCH("HYGIÉNIQUE",B18))),NOT(OR(ISNUMBER(SEARCH("Lingette",B18)),ISNUMBER(SEARCH("Mouchoir",B18))))),"Papillon Papier",IF(OR(ISNUMBER(SEARCH("TAJ AL SAHAR",B18)),ISNUMBER(SEARCH("TAJ BLADI",B18)),ISNUMBER(SEARCH("TAJ BELADI",B18)),ISNUMBER(SEARCH("Tilal Assahra",B18)),ISNUMBER(SEARCH("Jawharat Asahra",B18))),"TAJ SAHARA",IF(AND(OR(ISNUMBER(SEARCH("AL ITKANE",B18)),ISNUMBER(SEARCH("ALITKANE",B18)),ISNUMBER(SEARCH("PRESTO",B18))),NOT(OR(ISNUMBER(SEARCH("Thé",B18)),ISNUMBER(SEARCH("THE ",B18)),ISNUMBER(SEARCH("thé",B18)),ISNUMBER(SEARCH("SELHAM",B18)),ISNUMBER(SEARCH("LHAFLA",B18)),ISNUMBER(SEARCH("ZINE",B18)),ISNUMBER(SEARCH("tiyay",B18)),ISNUMBER(SEARCH("alouns",B18)),ISNUMBER(SEARCH("lmhrat",B18))))),"Al Itkrans + Presto",IF(OR(ISNUMBER(SEARCH("DALAA",B18)),ISNUMBER(SEARCH("CS-DALAA",B18)),ISNUMBER(SEARCH("DALINA",B18))),"Dalaa VP / Baqqal / RP",IF(OR(LEFT(UPPER(B18),4)="MIA ",LEFT(UPPER(B18),6)="CS-MIA"),"Mia",IF(OR(LEFT(UPPER(B18),5)="NOVA ",LEFT(UPPER(B18),7)="CS-NOVA"),"Nova",IF(OR(ISNUMBER(SEARCH("PRIMA ",B18)),ISNUMBER(SEARCH("CS-PRIMA",B18))),"Prima",IF(OR(ISNUMBER(SEARCH("Douceur",B18)),ISNUMBER(SEARCH("DOUCEUR",B18))),"Douceur",IF(OR(ISNUMBER(SEARCH("SANGO",B18)),ISNUMBER(SEARCH("CS-SANGO",B18))),"SANGO",IF(ISNUMBER(SEARCH("BLANDOUX",B18)),"Blandoux",IF(ISNUMBER(SEARCH("SHIWAMI",B18)),"Shiwame",IF(ISNUMBER(SEARCH("KELLOGG",B18)),"Kelloggs",IF(OR(ISNUMBER(SEARCH("TOBIGO",B18)),ISNUMBER(SEARCH("DWIST",B18))),"Tobigo",IF(OR(ISNUMBER(SEARCH("MARISOL",B18)),ISNUMBER(SEARCH("MARESOL",B18))),"Maresol",IF(OR(ISNUMBER(SEARCH("TAKIS",B18)),ISNUMBER(SEARCH("TAKYS",B18))),"TAKYS",IF(ISNUMBER(SEARCH("TAWIL",B18)),"Tawil",IF(ISNUMBER(SEARCH("FROMY",B18)),"Fromy","")))))))))))))))))))))))) -> Tobigo | E18: Al Itkrans + Presto | F18: =COUNTIF(C:C,E18) -> 91
A19: =Products!A1431 -> ART00230 | B19: =Products!B1431 -> TOBIGO Bleo Crème Vanille | C19: =IF(OR(ISNUMBER(SEARCH("SELHAM",B19)),ISNUMBER(SEARCH("LHAFLA",B19)),ISNUMBER(SEARCH("ZINE",B19)),ISNUMBER(SEARCH("tiyay",B19)),ISNUMBER(SEARCH("alouns",B19)),ISNUMBER(SEARCH("lmhrat",B19))),"The Al Itkane",IF(AND(ISNUMBER(SEARCH("CALIN",B19)),ISNUMBER(SEARCH("RP",B19)),NOT(ISNUMBER(SEARCH("VP",B19)))),"Calin RP",IF(AND(ISNUMBER(SEARCH("CALIN",B19)),ISNUMBER(SEARCH("VP",B19))),"Calin VP",IF(AND(ISNUMBER(SEARCH("MIO",B19)),OR(ISNUMBER(SEARCH("Vaisselle",B19)),ISNUMBER(SEARCH("vaisselle",B19)))),"Mio Liquid Vaisselle",IF(AND(ISNUMBER(SEARCH("MIO",B19)),ISNUMBER(SEARCH("Javel",B19))),"Mio Javel",IF(AND(ISNUMBER(SEARCH("MIO",B19)),ISNUMBER(SEARCH("Matic",B19))),"Mio Matic",IF(AND(ISNUMBER(SEARCH("MIO",B19)),OR(ISNUMBER(SEARCH("Détérgent",B19)),ISNUMBER(SEARCH("Poudre",B19)),ISNUMBER(SEARCH("Semi Auto",B19)),ISNUMBER(SEARCH("1KG",B19)),ISNUMBER(SEARCH("500G",B19)),ISNUMBER(SEARCH("10KG",B19)),ISNUMBER(SEARCH("1.5K",B19)),ISNUMBER(SEARCH("215G",B19)),ISNUMBER(SEARCH("350G",B19)),ISNUMBER(SEARCH("90G",B19)),ISNUMBER(SEARCH("Gold",B19)),ISNUMBER(SEARCH("Citron",B19)),ISNUMBER(SEARCH("Rose",B19)),ISNUMBER(SEARCH("Lessive",B19))),NOT(OR(ISNUMBER(SEARCH("Vaisselle",B19)),ISNUMBER(SEARCH("Javel",B19)),ISNUMBER(SEARCH("Matic",B19)),ISNUMBER(SEARCH("Nettoyant",B19)),ISNUMBER(SEARCH("Pâte",B19)),ISNUMBER(SEARCH("Lave",B19)),ISNUMBER(SEARCH("Détartrant",B19))))),"Mio main (1k+500gr)",IF(AND(ISNUMBER(SEARCH("PAPILLON",B19)),OR(ISNUMBER(SEARCH("Papier",B19)),ISNUMBER(SEARCH("Hygiénique",B19)),ISNUMBER(SEARCH("HYGIÉNIQUE",B19))),NOT(OR(ISNUMBER(SEARCH("Lingette",B19)),ISNUMBER(SEARCH("Mouchoir",B19))))),"Papillon Papier",IF(OR(ISNUMBER(SEARCH("TAJ AL SAHAR",B19)),ISNUMBER(SEARCH("TAJ BLADI",B19)),ISNUMBER(SEARCH("TAJ BELADI",B19)),ISNUMBER(SEARCH("Tilal Assahra",B19)),ISNUMBER(SEARCH("Jawharat Asahra",B19))),"TAJ SAHARA",IF(AND(OR(ISNUMBER(SEARCH("AL ITKANE",B19)),ISNUMBER(SEARCH("ALITKANE",B19)),ISNUMBER(SEARCH("PRESTO",B19))),NOT(OR(ISNUMBER(SEARCH("Thé",B19)),ISNUMBER(SEARCH("THE ",B19)),ISNUMBER(SEARCH("thé",B19)),ISNUMBER(SEARCH("SELHAM",B19)),ISNUMBER(SEARCH("LHAFLA",B19)),ISNUMBER(SEARCH("ZINE",B19)),ISNUMBER(SEARCH("tiyay",B19)),ISNUMBER(SEARCH("alouns",B19)),ISNUMBER(SEARCH("lmhrat",B19))))),"Al Itkrans + Presto",IF(OR(ISNUMBER(SEARCH("DALAA",B19)),ISNUMBER(SEARCH("CS-DALAA",B19)),ISNUMBER(SEARCH("DALINA",B19))),"Dalaa VP / Baqqal / RP",IF(OR(LEFT(UPPER(B19),4)="MIA ",LEFT(UPPER(B19),6)="CS-MIA"),"Mia",IF(OR(LEFT(UPPER(B19),5)="NOVA ",LEFT(UPPER(B19),7)="CS-NOVA"),"Nova",IF(OR(ISNUMBER(SEARCH("PRIMA ",B19)),ISNUMBER(SEARCH("CS-PRIMA",B19))),"Prima",IF(OR(ISNUMBER(SEARCH("Douceur",B19)),ISNUMBER(SEARCH("DOUCEUR",B19))),"Douceur",IF(OR(ISNUMBER(SEARCH("SANGO",B19)),ISNUMBER(SEARCH("CS-SANGO",B19))),"SANGO",IF(ISNUMBER(SEARCH("BLANDOUX",B19)),"Blandoux",IF(ISNUMBER(SEARCH("SHIWAMI",B19)),"Shiwame",IF(ISNUMBER(SEARCH("KELLOGG",B19)),"Kelloggs",IF(OR(ISNUMBER(SEARCH("TOBIGO",B19)),ISNUMBER(SEARCH("DWIST",B19))),"Tobigo",IF(OR(ISNUMBER(SEARCH("MARISOL",B19)),ISNUMBER(SEARCH("MARESOL",B19))),"Maresol",IF(OR(ISNUMBER(SEARCH("TAKIS",B19)),ISNUMBER(SEARCH("TAKYS",B19))),"TAKYS",IF(ISNUMBER(SEARCH("TAWIL",B19)),"Tawil",IF(ISNUMBER(SEARCH("FROMY",B19)),"Fromy","")))))))))))))))))))))))) -> Tobigo | E19: The Al Itkane | F19: =COUNTIF(C:C,E19) -> 12
A20: =Products!A1432 -> ART00232 | B20: =Products!B1432 -> TOBIGO Roundy Chocolat Cream | C20: =IF(OR(ISNUMBER(SEARCH("SELHAM",B20)),ISNUMBER(SEARCH("LHAFLA",B20)),ISNUMBER(SEARCH("ZINE",B20)),ISNUMBER(SEARCH("tiyay",B20)),ISNUMBER(SEARCH("alouns",B20)),ISNUMBER(SEARCH("lmhrat",B20))),"The Al Itkane",IF(AND(ISNUMBER(SEARCH("CALIN",B20)),ISNUMBER(SEARCH("RP",B20)),NOT(ISNUMBER(SEARCH("VP",B20)))),"Calin RP",IF(AND(ISNUMBER(SEARCH("CALIN",B20)),ISNUMBER(SEARCH("VP",B20))),"Calin VP",IF(AND(ISNUMBER(SEARCH("MIO",B20)),OR(ISNUMBER(SEARCH("Vaisselle",B20)),ISNUMBER(SEARCH("vaisselle",B20)))),"Mio Liquid Vaisselle",IF(AND(ISNUMBER(SEARCH("MIO",B20)),ISNUMBER(SEARCH("Javel",B20))),"Mio Javel",IF(AND(ISNUMBER(SEARCH("MIO",B20)),ISNUMBER(SEARCH("Matic",B20))),"Mio Matic",IF(AND(ISNUMBER(SEARCH("MIO",B20)),OR(ISNUMBER(SEARCH("Détérgent",B20)),ISNUMBER(SEARCH("Poudre",B20)),ISNUMBER(SEARCH("Semi Auto",B20)),ISNUMBER(SEARCH("1KG",B20)),ISNUMBER(SEARCH("500G",B20)),ISNUMBER(SEARCH("10KG",B20)),ISNUMBER(SEARCH("1.5K",B20)),ISNUMBER(SEARCH("215G",B20)),ISNUMBER(SEARCH("350G",B20)),ISNUMBER(SEARCH("90G",B20)),ISNUMBER(SEARCH("Gold",B20)),ISNUMBER(SEARCH("Citron",B20)),ISNUMBER(SEARCH("Rose",B20)),ISNUMBER(SEARCH("Lessive",B20))),NOT(OR(ISNUMBER(SEARCH("Vaisselle",B20)),ISNUMBER(SEARCH("Javel",B20)),ISNUMBER(SEARCH("Matic",B20)),ISNUMBER(SEARCH("Nettoyant",B20)),ISNUMBER(SEARCH("Pâte",B20)),ISNUMBER(SEARCH("Lave",B20)),ISNUMBER(SEARCH("Détartrant",B20))))),"Mio main (1k+500gr)",IF(AND(ISNUMBER(SEARCH("PAPILLON",B20)),OR(ISNUMBER(SEARCH("Papier",B20)),ISNUMBER(SEARCH("Hygiénique",B20)),ISNUMBER(SEARCH("HYGIÉNIQUE",B20))),NOT(OR(ISNUMBER(SEARCH("Lingette",B20)),ISNUMBER(SEARCH("Mouchoir",B20))))),"Papillon Papier",IF(OR(ISNUMBER(SEARCH("TAJ AL SAHAR",B20)),ISNUMBER(SEARCH("TAJ BLADI",B20)),ISNUMBER(SEARCH("TAJ BELADI",B20)),ISNUMBER(SEARCH("Tilal Assahra",B20)),ISNUMBER(SEARCH("Jawharat Asahra",B20))),"TAJ SAHARA",IF(AND(OR(ISNUMBER(SEARCH("AL ITKANE",B20)),ISNUMBER(SEARCH("ALITKANE",B20)),ISNUMBER(SEARCH("PRESTO",B20))),NOT(OR(ISNUMBER(SEARCH("Thé",B20)),ISNUMBER(SEARCH("THE ",B20)),ISNUMBER(SEARCH("thé",B20)),ISNUMBER(SEARCH("SELHAM",B20)),ISNUMBER(SEARCH("LHAFLA",B20)),ISNUMBER(SEARCH("ZINE",B20)),ISNUMBER(SEARCH("tiyay",B20)),ISNUMBER(SEARCH("alouns",B20)),ISNUMBER(SEARCH("lmhrat",B20))))),"Al Itkrans + Presto",IF(OR(ISNUMBER(SEARCH("DALAA",B20)),ISNUMBER(SEARCH("CS-DALAA",B20)),ISNUMBER(SEARCH("DALINA",B20))),"Dalaa VP / Baqqal / RP",IF(OR(LEFT(UPPER(B20),4)="MIA ",LEFT(UPPER(B20),6)="CS-MIA"),"Mia",IF(OR(LEFT(UPPER(B20),5)="NOVA ",LEFT(UPPER(B20),7)="CS-NOVA"),"Nova",IF(OR(ISNUMBER(SEARCH("PRIMA ",B20)),ISNUMBER(SEARCH("CS-PRIMA",B20))),"Prima",IF(OR(ISNUMBER(SEARCH("Douceur",B20)),ISNUMBER(SEARCH("DOUCEUR",B20))),"Douceur",IF(OR(ISNUMBER(SEARCH("SANGO",B20)),ISNUMBER(SEARCH("CS-SANGO",B20))),"SANGO",IF(ISNUMBER(SEARCH("BLANDOUX",B20)),"Blandoux",IF(ISNUMBER(SEARCH("SHIWAMI",B20)),"Shiwame",IF(ISNUMBER(SEARCH("KELLOGG",B20)),"Kelloggs",IF(OR(ISNUMBER(SEARCH("TOBIGO",B20)),ISNUMBER(SEARCH("DWIST",B20))),"Tobigo",IF(OR(ISNUMBER(SEARCH("MARISOL",B20)),ISNUMBER(SEARCH("MARESOL",B20))),"Maresol",IF(OR(ISNUMBER(SEARCH("TAKIS",B20)),ISNUMBER(SEARCH("TAKYS",B20))),"TAKYS",IF(ISNUMBER(SEARCH("TAWIL",B20)),"Tawil",IF(ISNUMBER(SEARCH("FROMY",B20)),"Fromy","")))))))))))))))))))))))) -> Tobigo | E20: Tobigo | F20: =COUNTIF(C:C,E20) -> 91
A21: =Products!A1487 -> ART00294 | B21: =Products!B1487 -> TOBIGO Petit Beurre | C21: =IF(OR(ISNUMBER(SEARCH("SELHAM",B21)),ISNUMBER(SEARCH("LHAFLA",B21)),ISNUMBER(SEARCH("ZINE",B21)),ISNUMBER(SEARCH("tiyay",B21)),ISNUMBER(SEARCH("alouns",B21)),ISNUMBER(SEARCH("lmhrat",B21))),"The Al Itkane",IF(AND(ISNUMBER(SEARCH("CALIN",B21)),ISNUMBER(SEARCH("RP",B21)),NOT(ISNUMBER(SEARCH("VP",B21)))),"Calin RP",IF(AND(ISNUMBER(SEARCH("CALIN",B21)),ISNUMBER(SEARCH("VP",B21))),"Calin VP",IF(AND(ISNUMBER(SEARCH("MIO",B21)),OR(ISNUMBER(SEARCH("Vaisselle",B21)),ISNUMBER(SEARCH("vaisselle",B21)))),"Mio Liquid Vaisselle",IF(AND(ISNUMBER(SEARCH("MIO",B21)),ISNUMBER(SEARCH("Javel",B21))),"Mio Javel",IF(AND(ISNUMBER(SEARCH("MIO",B21)),ISNUMBER(SEARCH("Matic",B21))),"Mio Matic",IF(AND(ISNUMBER(SEARCH("MIO",B21)),OR(ISNUMBER(SEARCH("Détérgent",B21)),ISNUMBER(SEARCH("Poudre",B21)),ISNUMBER(SEARCH("Semi Auto",B21)),ISNUMBER(SEARCH("1KG",B21)),ISNUMBER(SEARCH("500G",B21)),ISNUMBER(SEARCH("10KG",B21)),ISNUMBER(SEARCH("1.5K",B21)),ISNUMBER(SEARCH("215G",B21)),ISNUMBER(SEARCH("350G",B21)),ISNUMBER(SEARCH("90G",B21)),ISNUMBER(SEARCH("Gold",B21)),ISNUMBER(SEARCH("Citron",B21)),ISNUMBER(SEARCH("Rose",B21)),ISNUMBER(SEARCH("Lessive",B21))),NOT(OR(ISNUMBER(SEARCH("Vaisselle",B21)),ISNUMBER(SEARCH("Javel",B21)),ISNUMBER(SEARCH("Matic",B21)),ISNUMBER(SEARCH("Nettoyant",B21)),ISNUMBER(SEARCH("Pâte",B21)),ISNUMBER(SEARCH("Lave",B21)),ISNUMBER(SEARCH("Détartrant",B21))))),"Mio main (1k+500gr)",IF(AND(ISNUMBER(SEARCH("PAPILLON",B21)),OR(ISNUMBER(SEARCH("Papier",B21)),ISNUMBER(SEARCH("Hygiénique",B21)),ISNUMBER(SEARCH("HYGIÉNIQUE",B21))),NOT(OR(ISNUMBER(SEARCH("Lingette",B21)),ISNUMBER(SEARCH("Mouchoir",B21))))),"Papillon Papier",IF(OR(ISNUMBER(SEARCH("TAJ AL SAHAR",B21)),ISNUMBER(SEARCH("TAJ BLADI",B21)),ISNUMBER(SEARCH("TAJ BELADI",B21)),ISNUMBER(SEARCH("Tilal Assahra",B21)),ISNUMBER(SEARCH("Jawharat Asahra",B21))),"TAJ SAHARA",IF(AND(OR(ISNUMBER(SEARCH("AL ITKANE",B21)),ISNUMBER(SEARCH("ALITKANE",B21)),ISNUMBER(SEARCH("PRESTO",B21))),NOT(OR(ISNUMBER(SEARCH("Thé",B21)),ISNUMBER(SEARCH("THE ",B21)),ISNUMBER(SEARCH("thé",B21)),ISNUMBER(SEARCH("SELHAM",B21)),ISNUMBER(SEARCH("LHAFLA",B21)),ISNUMBER(SEARCH("ZINE",B21)),ISNUMBER(SEARCH("tiyay",B21)),ISNUMBER(SEARCH("alouns",B21)),ISNUMBER(SEARCH("lmhrat",B21))))),"Al Itkrans + Presto",IF(OR(ISNUMBER(SEARCH("DALAA",B21)),ISNUMBER(SEARCH("CS-DALAA",B21)),ISNUMBER(SEARCH("DALINA",B21))),"Dalaa VP / Baqqal / RP",IF(OR(LEFT(UPPER(B21),4)="MIA ",LEFT(UPPER(B21),6)="CS-MIA"),"Mia",IF(OR(LEFT(UPPER(B21),5)="NOVA ",LEFT(UPPER(B21),7)="CS-NOVA"),"Nova",IF(OR(ISNUMBER(SEARCH("PRIMA ",B21)),ISNUMBER(SEARCH("CS-PRIMA",B21))),"Prima",IF(OR(ISNUMBER(SEARCH("Douceur",B21)),ISNUMBER(SEARCH("DOUCEUR",B21))),"Douceur",IF(OR(ISNUMBER(SEARCH("SANGO",B21)),ISNUMBER(SEARCH("CS-SANGO",B21))),"SANGO",IF(ISNUMBER(SEARCH("BLANDOUX",B21)),"Blandoux",IF(ISNUMBER(SEARCH("SHIWAMI",B21)),"Shiwame",IF(ISNUMBER(SEARCH("KELLOGG",B21)),"Kelloggs",IF(OR(ISNUMBER(SEARCH("TOBIGO",B21)),ISNUMBER(SEARCH("DWIST",B21))),"Tobigo",IF(OR(ISNUMBER(SEARCH("MARISOL",B21)),ISNUMBER(SEARCH("MARESOL",B21))),"Maresol",IF(OR(ISNUMBER(SEARCH("TAKIS",B21)),ISNUMBER(SEARCH("TAKYS",B21))),"TAKYS",IF(ISNUMBER(SEARCH("TAWIL",B21)),"Tawil",IF(ISNUMBER(SEARCH("FROMY",B21)),"Fromy","")))))))))))))))))))))))) -> Tobigo | E21: TAJ SAHARA | F21: =COUNTIF(C:C,E21) -> 19
A22: =Products!A1488 -> ART00295 | B22: =Products!B1488 -> TOBIGO Cookies Black | C22: =IF(OR(ISNUMBER(SEARCH("SELHAM",B22)),ISNUMBER(SEARCH("LHAFLA",B22)),ISNUMBER(SEARCH("ZINE",B22)),ISNUMBER(SEARCH("tiyay",B22)),ISNUMBER(SEARCH("alouns",B22)),ISNUMBER(SEARCH("lmhrat",B22))),"The Al Itkane",IF(AND(ISNUMBER(SEARCH("CALIN",B22)),ISNUMBER(SEARCH("RP",B22)),NOT(ISNUMBER(SEARCH("VP",B22)))),"Calin RP",IF(AND(ISNUMBER(SEARCH("CALIN",B22)),ISNUMBER(SEARCH("VP",B22))),"Calin VP",IF(AND(ISNUMBER(SEARCH("MIO",B22)),OR(ISNUMBER(SEARCH("Vaisselle",B22)),ISNUMBER(SEARCH("vaisselle",B22)))),"Mio Liquid Vaisselle",IF(AND(ISNUMBER(SEARCH("MIO",B22)),ISNUMBER(SEARCH("Javel",B22))),"Mio Javel",IF(AND(ISNUMBER(SEARCH("MIO",B22)),ISNUMBER(SEARCH("Matic",B22))),"Mio Matic",IF(AND(ISNUMBER(SEARCH("MIO",B22)),OR(ISNUMBER(SEARCH("Détérgent",B22)),ISNUMBER(SEARCH("Poudre",B22)),ISNUMBER(SEARCH("Semi Auto",B22)),ISNUMBER(SEARCH("1KG",B22)),ISNUMBER(SEARCH("500G",B22)),ISNUMBER(SEARCH("10KG",B22)),ISNUMBER(SEARCH("1.5K",B22)),ISNUMBER(SEARCH("215G",B22)),ISNUMBER(SEARCH("350G",B22)),ISNUMBER(SEARCH("90G",B22)),ISNUMBER(SEARCH("Gold",B22)),ISNUMBER(SEARCH("Citron",B22)),ISNUMBER(SEARCH("Rose",B22)),ISNUMBER(SEARCH("Lessive",B22))),NOT(OR(ISNUMBER(SEARCH("Vaisselle",B22)),ISNUMBER(SEARCH("Javel",B22)),ISNUMBER(SEARCH("Matic",B22)),ISNUMBER(SEARCH("Nettoyant",B22)),ISNUMBER(SEARCH("Pâte",B22)),ISNUMBER(SEARCH("Lave",B22)),ISNUMBER(SEARCH("Détartrant",B22))))),"Mio main (1k+500gr)",IF(AND(ISNUMBER(SEARCH("PAPILLON",B22)),OR(ISNUMBER(SEARCH("Papier",B22)),ISNUMBER(SEARCH("Hygiénique",B22)),ISNUMBER(SEARCH("HYGIÉNIQUE",B22))),NOT(OR(ISNUMBER(SEARCH("Lingette",B22)),ISNUMBER(SEARCH("Mouchoir",B22))))),"Papillon Papier",IF(OR(ISNUMBER(SEARCH("TAJ AL SAHAR",B22)),ISNUMBER(SEARCH("TAJ BLADI",B22)),ISNUMBER(SEARCH("TAJ BELADI",B22)),ISNUMBER(SEARCH("Tilal Assahra",B22)),ISNUMBER(SEARCH("Jawharat Asahra",B22))),"TAJ SAHARA",IF(AND(OR(ISNUMBER(SEARCH("AL ITKANE",B22)),ISNUMBER(SEARCH("ALITKANE",B22)),ISNUMBER(SEARCH("PRESTO",B22))),NOT(OR(ISNUMBER(SEARCH("Thé",B22)),ISNUMBER(SEARCH("THE ",B22)),ISNUMBER(SEARCH("thé",B22)),ISNUMBER(SEARCH("SELHAM",B22)),ISNUMBER(SEARCH("LHAFLA",B22)),ISNUMBER(SEARCH("ZINE",B22)),ISNUMBER(SEARCH("tiyay",B22)),ISNUMBER(SEARCH("alouns",B22)),ISNUMBER(SEARCH("lmhrat",B22))))),"Al Itkrans + Presto",IF(OR(ISNUMBER(SEARCH("DALAA",B22)),ISNUMBER(SEARCH("CS-DALAA",B22)),ISNUMBER(SEARCH("DALINA",B22))),"Dalaa VP / Baqqal / RP",IF(OR(LEFT(UPPER(B22),4)="MIA ",LEFT(UPPER(B22),6)="CS-MIA"),"Mia",IF(OR(LEFT(UPPER(B22),5)="NOVA ",LEFT(UPPER(B22),7)="CS-NOVA"),"Nova",IF(OR(ISNUMBER(SEARCH("PRIMA ",B22)),ISNUMBER(SEARCH("CS-PRIMA",B22))),"Prima",IF(OR(ISNUMBER(SEARCH("Douceur",B22)),ISNUMBER(SEARCH("DOUCEUR",B22))),"Douceur",IF(OR(ISNUMBER(SEARCH("SANGO",B22)),ISNUMBER(SEARCH("CS-SANGO",B22))),"SANGO",IF(ISNUMBER(SEARCH("BLANDOUX",B22)),"Blandoux",IF(ISNUMBER(SEARCH("SHIWAMI",B22)),"Shiwame",IF(ISNUMBER(SEARCH("KELLOGG",B22)),"Kelloggs",IF(OR(ISNUMBER(SEARCH("TOBIGO",B22)),ISNUMBER(SEARCH("DWIST",B22))),"Tobigo",IF(OR(ISNUMBER(SEARCH("MARISOL",B22)),ISNUMBER(SEARCH("MARESOL",B22))),"Maresol",IF(OR(ISNUMBER(SEARCH("TAKIS",B22)),ISNUMBER(SEARCH("TAKYS",B22))),"TAKYS",IF(ISNUMBER(SEARCH("TAWIL",B22)),"Tawil",IF(ISNUMBER(SEARCH("FROMY",B22)),"Fromy","")))))))))))))))))))))))) -> Tobigo | E22: Maresol | F22: =COUNTIF(C:C,E22) -> 9
A23: =Products!A1539 -> ART00356 | B23: =Products!B1539 -> TOBIGO Crousty Watermelon (Pastèque) Cream | C23: =IF(OR(ISNUMBER(SEARCH("SELHAM",B23)),ISNUMBER(SEARCH("LHAFLA",B23)),ISNUMBER(SEARCH("ZINE",B23)),ISNUMBER(SEARCH("tiyay",B23)),ISNUMBER(SEARCH("alouns",B23)),ISNUMBER(SEARCH("lmhrat",B23))),"The Al Itkane",IF(AND(ISNUMBER(SEARCH("CALIN",B23)),ISNUMBER(SEARCH("RP",B23)),NOT(ISNUMBER(SEARCH("VP",B23)))),"Calin RP",IF(AND(ISNUMBER(SEARCH("CALIN",B23)),ISNUMBER(SEARCH("VP",B23))),"Calin VP",IF(AND(ISNUMBER(SEARCH("MIO",B23)),OR(ISNUMBER(SEARCH("Vaisselle",B23)),ISNUMBER(SEARCH("vaisselle",B23)))),"Mio Liquid Vaisselle",IF(AND(ISNUMBER(SEARCH("MIO",B23)),ISNUMBER(SEARCH("Javel",B23))),"Mio Javel",IF(AND(ISNUMBER(SEARCH("MIO",B23)),ISNUMBER(SEARCH("Matic",B23))),"Mio Matic",IF(AND(ISNUMBER(SEARCH("MIO",B23)),OR(ISNUMBER(SEARCH("Détérgent",B23)),ISNUMBER(SEARCH("Poudre",B23)),ISNUMBER(SEARCH("Semi Auto",B23)),ISNUMBER(SEARCH("1KG",B23)),ISNUMBER(SEARCH("500G",B23)),ISNUMBER(SEARCH("10KG",B23)),ISNUMBER(SEARCH("1.5K",B23)),ISNUMBER(SEARCH("215G",B23)),ISNUMBER(SEARCH("350G",B23)),ISNUMBER(SEARCH("90G",B23)),ISNUMBER(SEARCH("Gold",B23)),ISNUMBER(SEARCH("Citron",B23)),ISNUMBER(SEARCH("Rose",B23)),ISNUMBER(SEARCH("Lessive",B23))),NOT(OR(ISNUMBER(SEARCH("Vaisselle",B23)),ISNUMBER(SEARCH("Javel",B23)),ISNUMBER(SEARCH("Matic",B23)),ISNUMBER(SEARCH("Nettoyant",B23)),ISNUMBER(SEARCH("Pâte",B23)),ISNUMBER(SEARCH("Lave",B23)),ISNUMBER(SEARCH("Détartrant",B23))))),"Mio main (1k+500gr)",IF(AND(ISNUMBER(SEARCH("PAPILLON",B23)),OR(ISNUMBER(SEARCH("Papier",B23)),ISNUMBER(SEARCH("Hygiénique",B23)),ISNUMBER(SEARCH("HYGIÉNIQUE",B23))),NOT(OR(ISNUMBER(SEARCH("Lingette",B23)),ISNUMBER(SEARCH("Mouchoir",B23))))),"Papillon Papier",IF(OR(ISNUMBER(SEARCH("TAJ AL SAHAR",B23)),ISNUMBER(SEARCH("TAJ BLADI",B23)),ISNUMBER(SEARCH("TAJ BELADI",B23)),ISNUMBER(SEARCH("Tilal Assahra",B23)),ISNUMBER(SEARCH("Jawharat Asahra",B23))),"TAJ SAHARA",IF(AND(OR(ISNUMBER(SEARCH("AL ITKANE",B23)),ISNUMBER(SEARCH("ALITKANE",B23)),ISNUMBER(SEARCH("PRESTO",B23))),NOT(OR(ISNUMBER(SEARCH("Thé",B23)),ISNUMBER(SEARCH("THE ",B23)),ISNUMBER(SEARCH("thé",B23)),ISNUMBER(SEARCH("SELHAM",B23)),ISNUMBER(SEARCH("LHAFLA",B23)),ISNUMBER(SEARCH("ZINE",B23)),ISNUMBER(SEARCH("tiyay",B23)),ISNUMBER(SEARCH("alouns",B23)),ISNUMBER(SEARCH("lmhrat",B23))))),"Al Itkrans + Presto",IF(OR(ISNUMBER(SEARCH("DALAA",B23)),ISNUMBER(SEARCH("CS-DALAA",B23)),ISNUMBER(SEARCH("DALINA",B23))),"Dalaa VP / Baqqal / RP",IF(OR(LEFT(UPPER(B23),4)="MIA ",LEFT(UPPER(B23),6)="CS-MIA"),"Mia",IF(OR(LEFT(UPPER(B23),5)="NOVA ",LEFT(UPPER(B23),7)="CS-NOVA"),"Nova",IF(OR(ISNUMBER(SEARCH("PRIMA ",B23)),ISNUMBER(SEARCH("CS-PRIMA",B23))),"Prima",IF(OR(ISNUMBER(SEARCH("Douceur",B23)),ISNUMBER(SEARCH("DOUCEUR",B23))),"Douceur",IF(OR(ISNUMBER(SEARCH("SANGO",B23)),ISNUMBER(SEARCH("CS-SANGO",B23))),"SANGO",IF(ISNUMBER(SEARCH("BLANDOUX",B23)),"Blandoux",IF(ISNUMBER(SEARCH("SHIWAMI",B23)),"Shiwame",IF(ISNUMBER(SEARCH("KELLOGG",B23)),"Kelloggs",IF(OR(ISNUMBER(SEARCH("TOBIGO",B23)),ISNUMBER(SEARCH("DWIST",B23))),"Tobigo",IF(OR(ISNUMBER(SEARCH("MARISOL",B23)),ISNUMBER(SEARCH("MARESOL",B23))),"Maresol",IF(OR(ISNUMBER(SEARCH("TAKIS",B23)),ISNUMBER(SEARCH("TAKYS",B23))),"TAKYS",IF(ISNUMBER(SEARCH("TAWIL",B23)),"Tawil",IF(ISNUMBER(SEARCH("FROMY",B23)),"Fromy","")))))))))))))))))))))))) -> Tobigo | E23: TAKYS | F23: =COUNTIF(C:C,E23) -> 6
A24: =Products!A1540 -> ART00357 | B24: =Products!B1540 -> TOBIGO Petit Beurre pépites chocolat | C24: =IF(OR(ISNUMBER(SEARCH("SELHAM",B24)),ISNUMBER(SEARCH("LHAFLA",B24)),ISNUMBER(SEARCH("ZINE",B24)),ISNUMBER(SEARCH("tiyay",B24)),ISNUMBER(SEARCH("alouns",B24)),ISNUMBER(SEARCH("lmhrat",B24))),"The Al Itkane",IF(AND(ISNUMBER(SEARCH("CALIN",B24)),ISNUMBER(SEARCH("RP",B24)),NOT(ISNUMBER(SEARCH("VP",B24)))),"Calin RP",IF(AND(ISNUMBER(SEARCH("CALIN",B24)),ISNUMBER(SEARCH("VP",B24))),"Calin VP",IF(AND(ISNUMBER(SEARCH("MIO",B24)),OR(ISNUMBER(SEARCH("Vaisselle",B24)),ISNUMBER(SEARCH("vaisselle",B24)))),"Mio Liquid Vaisselle",IF(AND(ISNUMBER(SEARCH("MIO",B24)),ISNUMBER(SEARCH("Javel",B24))),"Mio Javel",IF(AND(ISNUMBER(SEARCH("MIO",B24)),ISNUMBER(SEARCH("Matic",B24))),"Mio Matic",IF(AND(ISNUMBER(SEARCH("MIO",B24)),OR(ISNUMBER(SEARCH("Détérgent",B24)),ISNUMBER(SEARCH("Poudre",B24)),ISNUMBER(SEARCH("Semi Auto",B24)),ISNUMBER(SEARCH("1KG",B24)),ISNUMBER(SEARCH("500G",B24)),ISNUMBER(SEARCH("10KG",B24)),ISNUMBER(SEARCH("1.5K",B24)),ISNUMBER(SEARCH("215G",B24)),ISNUMBER(SEARCH("350G",B24)),ISNUMBER(SEARCH("90G",B24)),ISNUMBER(SEARCH("Gold",B24)),ISNUMBER(SEARCH("Citron",B24)),ISNUMBER(SEARCH("Rose",B24)),ISNUMBER(SEARCH("Lessive",B24))),NOT(OR(ISNUMBER(SEARCH("Vaisselle",B24)),ISNUMBER(SEARCH("Javel",B24)),ISNUMBER(SEARCH("Matic",B24)),ISNUMBER(SEARCH("Nettoyant",B24)),ISNUMBER(SEARCH("Pâte",B24)),ISNUMBER(SEARCH("Lave",B24)),ISNUMBER(SEARCH("Détartrant",B24))))),"Mio main (1k+500gr)",IF(AND(ISNUMBER(SEARCH("PAPILLON",B24)),OR(ISNUMBER(SEARCH("Papier",B24)),ISNUMBER(SEARCH("Hygiénique",B24)),ISNUMBER(SEARCH("HYGIÉNIQUE",B24))),NOT(OR(ISNUMBER(SEARCH("Lingette",B24)),ISNUMBER(SEARCH("Mouchoir",B24))))),"Papillon Papier",IF(OR(ISNUMBER(SEARCH("TAJ AL SAHAR",B24)),ISNUMBER(SEARCH("TAJ BLADI",B24)),ISNUMBER(SEARCH("TAJ BELADI",B24)),ISNUMBER(SEARCH("Tilal Assahra",B24)),ISNUMBER(SEARCH("Jawharat Asahra",B24))),"TAJ SAHARA",IF(AND(OR(ISNUMBER(SEARCH("AL ITKANE",B24)),ISNUMBER(SEARCH("ALITKANE",B24)),ISNUMBER(SEARCH("PRESTO",B24))),NOT(OR(ISNUMBER(SEARCH("Thé",B24)),ISNUMBER(SEARCH("THE ",B24)),ISNUMBER(SEARCH("thé",B24)),ISNUMBER(SEARCH("SELHAM",B24)),ISNUMBER(SEARCH("LHAFLA",B24)),ISNUMBER(SEARCH("ZINE",B24)),ISNUMBER(SEARCH("tiyay",B24)),ISNUMBER(SEARCH("alouns",B24)),ISNUMBER(SEARCH("lmhrat",B24))))),"Al Itkrans + Presto",IF(OR(ISNUMBER(SEARCH("DALAA",B24)),ISNUMBER(SEARCH("CS-DALAA",B24)),ISNUMBER(SEARCH("DALINA",B24))),"Dalaa VP / Baqqal / RP",IF(OR(LEFT(UPPER(B24),4)="MIA ",LEFT(UPPER(B24),6)="CS-MIA"),"Mia",IF(OR(LEFT(UPPER(B24),5)="NOVA ",LEFT(UPPER(B24),7)="CS-NOVA"),"Nova",IF(OR(ISNUMBER(SEARCH("PRIMA ",B24)),ISNUMBER(SEARCH("CS-PRIMA",B24))),"Prima",IF(OR(ISNUMBER(SEARCH("Douceur",B24)),ISNUMBER(SEARCH("DOUCEUR",B24))),"Douceur",IF(OR(ISNUMBER(SEARCH("SANGO",B24)),ISNUMBER(SEARCH("CS-SANGO",B24))),"SANGO",IF(ISNUMBER(SEARCH("BLANDOUX",B24)),"Blandoux",IF(ISNUMBER(SEARCH("SHIWAMI",B24)),"Shiwame",IF(ISNUMBER(SEARCH("KELLOGG",B24)),"Kelloggs",IF(OR(ISNUMBER(SEARCH("TOBIGO",B24)),ISNUMBER(SEARCH("DWIST",B24))),"Tobigo",IF(OR(ISNUMBER(SEARCH("MARISOL",B24)),ISNUMBER(SEARCH("MARESOL",B24))),"Maresol",IF(OR(ISNUMBER(SEARCH("TAKIS",B24)),ISNUMBER(SEARCH("TAKYS",B24))),"TAKYS",IF(ISNUMBER(SEARCH("TAWIL",B24)),"Tawil",IF(ISNUMBER(SEARCH("FROMY",B24)),"Fromy","")))))))))))))))))))))))) -> Tobigo | E24: Tawil | F24: =COUNTIF(C:C,E24) -> 37
A25: =Products!A1652 -> ART00525 | B25: =Products!B1652 -> TOBIGO Donut Chocolat *30 | C25: =IF(OR(ISNUMBER(SEARCH("SELHAM",B25)),ISNUMBER(SEARCH("LHAFLA",B25)),ISNUMBER(SEARCH("ZINE",B25)),ISNUMBER(SEARCH("tiyay",B25)),ISNUMBER(SEARCH("alouns",B25)),ISNUMBER(SEARCH("lmhrat",B25))),"The Al Itkane",IF(AND(ISNUMBER(SEARCH("CALIN",B25)),ISNUMBER(SEARCH("RP",B25)),NOT(ISNUMBER(SEARCH("VP",B25)))),"Calin RP",IF(AND(ISNUMBER(SEARCH("CALIN",B25)),ISNUMBER(SEARCH("VP",B25))),"Calin VP",IF(AND(ISNUMBER(SEARCH("MIO",B25)),OR(ISNUMBER(SEARCH("Vaisselle",B25)),ISNUMBER(SEARCH("vaisselle",B25)))),"Mio Liquid Vaisselle",IF(AND(ISNUMBER(SEARCH("MIO",B25)),ISNUMBER(SEARCH("Javel",B25))),"Mio Javel",IF(AND(ISNUMBER(SEARCH("MIO",B25)),ISNUMBER(SEARCH("Matic",B25))),"Mio Matic",IF(AND(ISNUMBER(SEARCH("MIO",B25)),OR(ISNUMBER(SEARCH("Détérgent",B25)),ISNUMBER(SEARCH("Poudre",B25)),ISNUMBER(SEARCH("Semi Auto",B25)),ISNUMBER(SEARCH("1KG",B25)),ISNUMBER(SEARCH("500G",B25)),ISNUMBER(SEARCH("10KG",B25)),ISNUMBER(SEARCH("1.5K",B25)),ISNUMBER(SEARCH("215G",B25)),ISNUMBER(SEARCH("350G",B25)),ISNUMBER(SEARCH("90G",B25)),ISNUMBER(SEARCH("Gold",B25)),ISNUMBER(SEARCH("Citron",B25)),ISNUMBER(SEARCH("Rose",B25)),ISNUMBER(SEARCH("Lessive",B25))),NOT(OR(ISNUMBER(SEARCH("Vaisselle",B25)),ISNUMBER(SEARCH("Javel",B25)),ISNUMBER(SEARCH("Matic",B25)),ISNUMBER(SEARCH("Nettoyant",B25)),ISNUMBER(SEARCH("Pâte",B25)),ISNUMBER(SEARCH("Lave",B25)),ISNUMBER(SEARCH("Détartrant",B25))))),"Mio main (1k+500gr)",IF(AND(ISNUMBER(SEARCH("PAPILLON",B25)),OR(ISNUMBER(SEARCH("Papier",B25)),ISNUMBER(SEARCH("Hygiénique",B25)),ISNUMBER(SEARCH("HYGIÉNIQUE",B25))),NOT(OR(ISNUMBER(SEARCH("Lingette",B25)),ISNUMBER(SEARCH("Mouchoir",B25))))),"Papillon Papier",IF(OR(ISNUMBER(SEARCH("TAJ AL SAHAR",B25)),ISNUMBER(SEARCH("TAJ BLADI",B25)),ISNUMBER(SEARCH("TAJ BELADI",B25)),ISNUMBER(SEARCH("Tilal Assahra",B25)),ISNUMBER(SEARCH("Jawharat Asahra",B25))),"TAJ SAHARA",IF(AND(OR(ISNUMBER(SEARCH("AL ITKANE",B25)),ISNUMBER(SEARCH("ALITKANE",B25)),ISNUMBER(SEARCH("PRESTO",B25))),NOT(OR(ISNUMBER(SEARCH("Thé",B25)),ISNUMBER(SEARCH("THE ",B25)),ISNUMBER(SEARCH("thé",B25)),ISNUMBER(SEARCH("SELHAM",B25)),ISNUMBER(SEARCH("LHAFLA",B25)),ISNUMBER(SEARCH("ZINE",B25)),ISNUMBER(SEARCH("tiyay",B25)),ISNUMBER(SEARCH("alouns",B25)),ISNUMBER(SEARCH("lmhrat",B25))))),"Al Itkrans + Presto",IF(OR(ISNUMBER(SEARCH("DALAA",B25)),ISNUMBER(SEARCH("CS-DALAA",B25)),ISNUMBER(SEARCH("DALINA",B25))),"Dalaa VP / Baqqal / RP",IF(OR(LEFT(UPPER(B25),4)="MIA ",LEFT(UPPER(B25),6)="CS-MIA"),"Mia",IF(OR(LEFT(UPPER(B25),5)="NOVA ",LEFT(UPPER(B25),7)="CS-NOVA"),"Nova",IF(OR(ISNUMBER(SEARCH("PRIMA ",B25)),ISNUMBER(SEARCH("CS-PRIMA",B25))),"Prima",IF(OR(ISNUMBER(SEARCH("Douceur",B25)),ISNUMBER(SEARCH("DOUCEUR",B25))),"Douceur",IF(OR(ISNUMBER(SEARCH("SANGO",B25)),ISNUMBER(SEARCH("CS-SANGO",B25))),"SANGO",IF(ISNUMBER(SEARCH("BLANDOUX",B25)),"Blandoux",IF(ISNUMBER(SEARCH("SHIWAMI",B25)),"Shiwame",IF(ISNUMBER(SEARCH("KELLOGG",B25)),"Kelloggs",IF(OR(ISNUMBER(SEARCH("TOBIGO",B25)),ISNUMBER(SEARCH("DWIST",B25))),"Tobigo",IF(OR(ISNUMBER(SEARCH("MARISOL",B25)),ISNUMBER(SEARCH("MARESOL",B25))),"Maresol",IF(OR(ISNUMBER(SEARCH("TAKIS",B25)),ISNUMBER(SEARCH("TAKYS",B25))),"TAKYS",IF(ISNUMBER(SEARCH("TAWIL",B25)),"Tawil",IF(ISNUMBER(SEARCH("FROMY",B25)),"Fromy","")))))))))))))))))))))))) -> Tobigo | E25: Fromy | F25: =COUNTIF(C:C,E25) -> 0
A26: =Products!A1684 -> ART00523 | B26: =Products!B1684 -> TOBIGO Muffins Chocolat | C26: =IF(OR(ISNUMBER(SEARCH("SELHAM",B26)),ISNUMBER(SEARCH("LHAFLA",B26)),ISNUMBER(SEARCH("ZINE",B26)),ISNUMBER(SEARCH("tiyay",B26)),ISNUMBER(SEARCH("alouns",B26)),ISNUMBER(SEARCH("lmhrat",B26))),"The Al Itkane",IF(AND(ISNUMBER(SEARCH("CALIN",B26)),ISNUMBER(SEARCH("RP",B26)),NOT(ISNUMBER(SEARCH("VP",B26)))),"Calin RP",IF(AND(ISNUMBER(SEARCH("CALIN",B26)),ISNUMBER(SEARCH("VP",B26))),"Calin VP",IF(AND(ISNUMBER(SEARCH("MIO",B26)),OR(ISNUMBER(SEARCH("Vaisselle",B26)),ISNUMBER(SEARCH("vaisselle",B26)))),"Mio Liquid Vaisselle",IF(AND(ISNUMBER(SEARCH("MIO",B26)),ISNUMBER(SEARCH("Javel",B26))),"Mio Javel",IF(AND(ISNUMBER(SEARCH("MIO",B26)),ISNUMBER(SEARCH("Matic",B26))),"Mio Matic",IF(AND(ISNUMBER(SEARCH("MIO",B26)),OR(ISNUMBER(SEARCH("Détérgent",B26)),ISNUMBER(SEARCH("Poudre",B26)),ISNUMBER(SEARCH("Semi Auto",B26)),ISNUMBER(SEARCH("1KG",B26)),ISNUMBER(SEARCH("500G",B26)),ISNUMBER(SEARCH("10KG",B26)),ISNUMBER(SEARCH("1.5K",B26)),ISNUMBER(SEARCH("215G",B26)),ISNUMBER(SEARCH("350G",B26)),ISNUMBER(SEARCH("90G",B26)),ISNUMBER(SEARCH("Gold",B26)),ISNUMBER(SEARCH("Citron",B26)),ISNUMBER(SEARCH("Rose",B26)),ISNUMBER(SEARCH("Lessive",B26))),NOT(OR(ISNUMBER(SEARCH("Vaisselle",B26)),ISNUMBER(SEARCH("Javel",B26)),ISNUMBER(SEARCH("Matic",B26)),ISNUMBER(SEARCH("Nettoyant",B26)),ISNUMBER(SEARCH("Pâte",B26)),ISNUMBER(SEARCH("Lave",B26)),ISNUMBER(SEARCH("Détartrant",B26))))),"Mio main (1k+500gr)",IF(AND(ISNUMBER(SEARCH("PAPILLON",B26)),OR(ISNUMBER(SEARCH("Papier",B26)),ISNUMBER(SEARCH("Hygiénique",B26)),ISNUMBER(SEARCH("HYGIÉNIQUE",B26))),NOT(OR(ISNUMBER(SEARCH("Lingette",B26)),ISNUMBER(SEARCH("Mouchoir",B26))))),"Papillon Papier",IF(OR(ISNUMBER(SEARCH("TAJ AL SAHAR",B26)),ISNUMBER(SEARCH("TAJ BLADI",B26)),ISNUMBER(SEARCH("TAJ BELADI",B26)),ISNUMBER(SEARCH("Tilal Assahra",B26)),ISNUMBER(SEARCH("Jawharat Asahra",B26))),"TAJ SAHARA",IF(AND(OR(ISNUMBER(SEARCH("AL ITKANE",B26)),ISNUMBER(SEARCH("ALITKANE",B26)),ISNUMBER(SEARCH("PRESTO",B26))),NOT(OR(ISNUMBER(SEARCH("Thé",B26)),ISNUMBER(SEARCH("THE ",B26)),ISNUMBER(SEARCH("thé",B26)),ISNUMBER(SEARCH("SELHAM",B26)),ISNUMBER(SEARCH("LHAFLA",B26)),ISNUMBER(SEARCH("ZINE",B26)),ISNUMBER(SEARCH("tiyay",B26)),ISNUMBER(SEARCH("alouns",B26)),ISNUMBER(SEARCH("lmhrat",B26))))),"Al Itkrans + Presto",IF(OR(ISNUMBER(SEARCH("DALAA",B26)),ISNUMBER(SEARCH("CS-DALAA",B26)),ISNUMBER(SEARCH("DALINA",B26))),"Dalaa VP / Baqqal / RP",IF(OR(LEFT(UPPER(B26),4)="MIA ",LEFT(UPPER(B26),6)="CS-MIA"),"Mia",IF(OR(LEFT(UPPER(B26),5)="NOVA ",LEFT(UPPER(B26),7)="CS-NOVA"),"Nova",IF(OR(ISNUMBER(SEARCH("PRIMA ",B26)),ISNUMBER(SEARCH("CS-PRIMA",B26))),"Prima",IF(OR(ISNUMBER(SEARCH("Douceur",B26)),ISNUMBER(SEARCH("DOUCEUR",B26))),"Douceur",IF(OR(ISNUMBER(SEARCH("SANGO",B26)),ISNUMBER(SEARCH("CS-SANGO",B26))),"SANGO",IF(ISNUMBER(SEARCH("BLANDOUX",B26)),"Blandoux",IF(ISNUMBER(SEARCH("SHIWAMI",B26)),"Shiwame",IF(ISNUMBER(SEARCH("KELLOGG",B26)),"Kelloggs",IF(OR(ISNUMBER(SEARCH("TOBIGO",B26)),ISNUMBER(SEARCH("DWIST",B26))),"Tobigo",IF(OR(ISNUMBER(SEARCH("MARISOL",B26)),ISNUMBER(SEARCH("MARESOL",B26))),"Maresol",IF(OR(ISNUMBER(SEARCH("TAKIS",B26)),ISNUMBER(SEARCH("TAKYS",B26))),"TAKYS",IF(ISNUMBER(SEARCH("TAWIL",B26)),"Tawil",IF(ISNUMBER(SEARCH("FROMY",B26)),"Fromy","")))))))))))))))))))))))) -> Tobigo | E26: Total Matched | F26: =SUM(F2:F25) -> 511
A27: =Products!A1685 -> ART00524 | B27: =Products!B1685 -> TOBIGO Tartlet Chocolat | C27: =IF(OR(ISNUMBER(SEARCH("SELHAM",B27)),ISNUMBER(SEARCH("LHAFLA",B27)),ISNUMBER(SEARCH("ZINE",B27)),ISNUMBER(SEARCH("tiyay",B27)),ISNUMBER(SEARCH("alouns",B27)),ISNUMBER(SEARCH("lmhrat",B27))),"The Al Itkane",IF(AND(ISNUMBER(SEARCH("CALIN",B27)),ISNUMBER(SEARCH("RP",B27)),NOT(ISNUMBER(SEARCH("VP",B27)))),"Calin RP",IF(AND(ISNUMBER(SEARCH("CALIN",B27)),ISNUMBER(SEARCH("VP",B27))),"Calin VP",IF(AND(ISNUMBER(SEARCH("MIO",B27)),OR(ISNUMBER(SEARCH("Vaisselle",B27)),ISNUMBER(SEARCH("vaisselle",B27)))),"Mio Liquid Vaisselle",IF(AND(ISNUMBER(SEARCH("MIO",B27)),ISNUMBER(SEARCH("Javel",B27))),"Mio Javel",IF(AND(ISNUMBER(SEARCH("MIO",B27)),ISNUMBER(SEARCH("Matic",B27))),"Mio Matic",IF(AND(ISNUMBER(SEARCH("MIO",B27)),OR(ISNUMBER(SEARCH("Détérgent",B27)),ISNUMBER(SEARCH("Poudre",B27)),ISNUMBER(SEARCH("Semi Auto",B27)),ISNUMBER(SEARCH("1KG",B27)),ISNUMBER(SEARCH("500G",B27)),ISNUMBER(SEARCH("10KG",B27)),ISNUMBER(SEARCH("1.5K",B27)),ISNUMBER(SEARCH("215G",B27)),ISNUMBER(SEARCH("350G",B27)),ISNUMBER(SEARCH("90G",B27)),ISNUMBER(SEARCH("Gold",B27)),ISNUMBER(SEARCH("Citron",B27)),ISNUMBER(SEARCH("Rose",B27)),ISNUMBER(SEARCH("Lessive",B27))),NOT(OR(ISNUMBER(SEARCH("Vaisselle",B27)),ISNUMBER(SEARCH("Javel",B27)),ISNUMBER(SEARCH("Matic",B27)),ISNUMBER(SEARCH("Nettoyant",B27)),ISNUMBER(SEARCH("Pâte",B27)),ISNUMBER(SEARCH("Lave",B27)),ISNUMBER(SEARCH("Détartrant",B27))))),"Mio main (1k+500gr)",IF(AND(ISNUMBER(SEARCH("PAPILLON",B27)),OR(ISNUMBER(SEARCH("Papier",B27)),ISNUMBER(SEARCH("Hygiénique",B27)),ISNUMBER(SEARCH("HYGIÉNIQUE",B27))),NOT(OR(ISNUMBER(SEARCH("Lingette",B27)),ISNUMBER(SEARCH("Mouchoir",B27))))),"Papillon Papier",IF(OR(ISNUMBER(SEARCH("TAJ AL SAHAR",B27)),ISNUMBER(SEARCH("TAJ BLADI",B27)),ISNUMBER(SEARCH("TAJ BELADI",B27)),ISNUMBER(SEARCH("Tilal Assahra",B27)),ISNUMBER(SEARCH("Jawharat Asahra",B27))),"TAJ SAHARA",IF(AND(OR(ISNUMBER(SEARCH("AL ITKANE",B27)),ISNUMBER(SEARCH("ALITKANE",B27)),ISNUMBER(SEARCH("PRESTO",B27))),NOT(OR(ISNUMBER(SEARCH("Thé",B27)),ISNUMBER(SEARCH("THE ",B27)),ISNUMBER(SEARCH("thé",B27)),ISNUMBER(SEARCH("SELHAM",B27)),ISNUMBER(SEARCH("LHAFLA",B27)),ISNUMBER(SEARCH("ZINE",B27)),ISNUMBER(SEARCH("tiyay",B27)),ISNUMBER(SEARCH("alouns",B27)),ISNUMBER(SEARCH("lmhrat",B27))))),"Al Itkrans + Presto",IF(OR(ISNUMBER(SEARCH("DALAA",B27)),ISNUMBER(SEARCH("CS-DALAA",B27)),ISNUMBER(SEARCH("DALINA",B27))),"Dalaa VP / Baqqal / RP",IF(OR(LEFT(UPPER(B27),4)="MIA ",LEFT(UPPER(B27),6)="CS-MIA"),"Mia",IF(OR(LEFT(UPPER(B27),5)="NOVA ",LEFT(UPPER(B27),7)="CS-NOVA"),"Nova",IF(OR(ISNUMBER(SEARCH("PRIMA ",B27)),ISNUMBER(SEARCH("CS-PRIMA",B27))),"Prima",IF(OR(ISNUMBER(SEARCH("Douceur",B27)),ISNUMBER(SEARCH("DOUCEUR",B27))),"Douceur",IF(OR(ISNUMBER(SEARCH("SANGO",B27)),ISNUMBER(SEARCH("CS-SANGO",B27))),"SANGO",IF(ISNUMBER(SEARCH("BLANDOUX",B27)),"Blandoux",IF(ISNUMBER(SEARCH("SHIWAMI",B27)),"Shiwame",IF(ISNUMBER(SEARCH("KELLOGG",B27)),"Kelloggs",IF(OR(ISNUMBER(SEARCH("TOBIGO",B27)),ISNUMBER(SEARCH("DWIST",B27))),"Tobigo",IF(OR(ISNUMBER(SEARCH("MARISOL",B27)),ISNUMBER(SEARCH("MARESOL",B27))),"Maresol",IF(OR(ISNUMBER(SEARCH("TAKIS",B27)),ISNUMBER(SEARCH("TAKYS",B27))),"TAKYS",IF(ISNUMBER(SEARCH("TAWIL",B27)),"Tawil",IF(ISNUMBER(SEARCH("FROMY",B27)),"Fromy","")))))))))))))))))))))))) -> Tobigo | E27: Unmatched | F27: =COUNTA(B2:B4205)-F26 -> 3693
A28: =Products!A1689 -> ART00530 | B28: =Products!B1689 -> TOBIGO Crousty Chocolat | C28: =IF(OR(ISNUMBER(SEARCH("SELHAM",B28)),ISNUMBER(SEARCH("LHAFLA",B28)),ISNUMBER(SEARCH("ZINE",B28)),ISNUMBER(SEARCH("tiyay",B28)),ISNUMBER(SEARCH("alouns",B28)),ISNUMBER(SEARCH("lmhrat",B28))),"The Al Itkane",IF(AND(ISNUMBER(SEARCH("CALIN",B28)),ISNUMBER(SEARCH("RP",B28)),NOT(ISNUMBER(SEARCH("VP",B28)))),"Calin RP",IF(AND(ISNUMBER(SEARCH("CALIN",B28)),ISNUMBER(SEARCH("VP",B28))),"Calin VP",IF(AND(ISNUMBER(SEARCH("MIO",B28)),OR(ISNUMBER(SEARCH("Vaisselle",B28)),ISNUMBER(SEARCH("vaisselle",B28)))),"Mio Liquid Vaisselle",IF(AND(ISNUMBER(SEARCH("MIO",B28)),ISNUMBER(SEARCH("Javel",B28))),"Mio Javel",IF(AND(ISNUMBER(SEARCH("MIO",B28)),ISNUMBER(SEARCH("Matic",B28))),"Mio Matic",IF(AND(ISNUMBER(SEARCH("MIO",B28)),OR(ISNUMBER(SEARCH("Détérgent",B28)),ISNUMBER(SEARCH("Poudre",B28)),ISNUMBER(SEARCH("Semi Auto",B28)),ISNUMBER(SEARCH("1KG",B28)),ISNUMBER(SEARCH("500G",B28)),ISNUMBER(SEARCH("10KG",B28)),ISNUMBER(SEARCH("1.5K",B28)),ISNUMBER(SEARCH("215G",B28)),ISNUMBER(SEARCH("350G",B28)),ISNUMBER(SEARCH("90G",B28)),ISNUMBER(SEARCH("Gold",B28)),ISNUMBER(SEARCH("Citron",B28)),ISNUMBER(SEARCH("Rose",B28)),ISNUMBER(SEARCH("Lessive",B28))),NOT(OR(ISNUMBER(SEARCH("Vaisselle",B28)),ISNUMBER(SEARCH("Javel",B28)),ISNUMBER(SEARCH("Matic",B28)),ISNUMBER(SEARCH("Nettoyant",B28)),ISNUMBER(SEARCH("Pâte",B28)),ISNUMBER(SEARCH("Lave",B28)),ISNUMBER(SEARCH("Détartrant",B28))))),"Mio main (1k+500gr)",IF(AND(ISNUMBER(SEARCH("PAPILLON",B28)),OR(ISNUMBER(SEARCH("Papier",B28)),ISNUMBER(SEARCH("Hygiénique",B28)),ISNUMBER(SEARCH("HYGIÉNIQUE",B28))),NOT(OR(ISNUMBER(SEARCH("Lingette",B28)),ISNUMBER(SEARCH("Mouchoir",B28))))),"Papillon Papier",IF(OR(ISNUMBER(SEARCH("TAJ AL SAHAR",B28)),ISNUMBER(SEARCH("TAJ BLADI",B28)),ISNUMBER(SEARCH("TAJ BELADI",B28)),ISNUMBER(SEARCH("Tilal Assahra",B28)),ISNUMBER(SEARCH("Jawharat Asahra",B28))),"TAJ SAHARA",IF(AND(OR(ISNUMBER(SEARCH("AL ITKANE",B28)),ISNUMBER(SEARCH("ALITKANE",B28)),ISNUMBER(SEARCH("PRESTO",B28))),NOT(OR(ISNUMBER(SEARCH("Thé",B28)),ISNUMBER(SEARCH("THE ",B28)),ISNUMBER(SEARCH("thé",B28)),ISNUMBER(SEARCH("SELHAM",B28)),ISNUMBER(SEARCH("LHAFLA",B28)),ISNUMBER(SEARCH("ZINE",B28)),ISNUMBER(SEARCH("tiyay",B28)),ISNUMBER(SEARCH("alouns",B28)),ISNUMBER(SEARCH("lmhrat",B28))))),"Al Itkrans + Presto",IF(OR(ISNUMBER(SEARCH("DALAA",B28)),ISNUMBER(SEARCH("CS-DALAA",B28)),ISNUMBER(SEARCH("DALINA",B28))),"Dalaa VP / Baqqal / RP",IF(OR(LEFT(UPPER(B28),4)="MIA ",LEFT(UPPER(B28),6)="CS-MIA"),"Mia",IF(OR(LEFT(UPPER(B28),5)="NOVA ",LEFT(UPPER(B28),7)="CS-NOVA"),"Nova",IF(OR(ISNUMBER(SEARCH("PRIMA ",B28)),ISNUMBER(SEARCH("CS-PRIMA",B28))),"Prima",IF(OR(ISNUMBER(SEARCH("Douceur",B28)),ISNUMBER(SEARCH("DOUCEUR",B28))),"Douceur",IF(OR(ISNUMBER(SEARCH("SANGO",B28)),ISNUMBER(SEARCH("CS-SANGO",B28))),"SANGO",IF(ISNUMBER(SEARCH("BLANDOUX",B28)),"Blandoux",IF(ISNUMBER(SEARCH("SHIWAMI",B28)),"Shiwame",IF(ISNUMBER(SEARCH("KELLOGG",B28)),"Kelloggs",IF(OR(ISNUMBER(SEARCH("TOBIGO",B28)),ISNUMBER(SEARCH("DWIST",B28))),"Tobigo",IF(OR(ISNUMBER(SEARCH("MARISOL",B28)),ISNUMBER(SEARCH("MARESOL",B28))),"Maresol",IF(OR(ISNUMBER(SEARCH("TAKIS",B28)),ISNUMBER(SEARCH("TAKYS",B28))),"TAKYS",IF(ISNUMBER(SEARCH("TAWIL",B28)),"Tawil",IF(ISNUMBER(SEARCH("FROMY",B28)),"Fromy","")))))))))))))))))))))))) -> Tobigo
A29: =Products!A1690 -> ART00531 | B29: =Products!B1690 -> TOBIGO Crousty Framboise | C29: =IF(OR(ISNUMBER(SEARCH("SELHAM",B29)),ISNUMBER(SEARCH("LHAFLA",B29)),ISNUMBER(SEARCH("ZINE",B29)),ISNUMBER(SEARCH("tiyay",B29)),ISNUMBER(SEARCH("alouns",B29)),ISNUMBER(SEARCH("lmhrat",B29))),"The Al Itkane",IF(AND(ISNUMBER(SEARCH("CALIN",B29)),ISNUMBER(SEARCH("RP",B29)),NOT(ISNUMBER(SEARCH("VP",B29)))),"Calin RP",IF(AND(ISNUMBER(SEARCH("CALIN",B29)),ISNUMBER(SEARCH("VP",B29))),"Calin VP",IF(AND(ISNUMBER(SEARCH("MIO",B29)),OR(ISNUMBER(SEARCH("Vaisselle",B29)),ISNUMBER(SEARCH("vaisselle",B29)))),"Mio Liquid Vaisselle",IF(AND(ISNUMBER(SEARCH("MIO",B29)),ISNUMBER(SEARCH("Javel",B29))),"Mio Javel",IF(AND(ISNUMBER(SEARCH("MIO",B29)),ISNUMBER(SEARCH("Matic",B29))),"Mio Matic",IF(AND(ISNUMBER(SEARCH("MIO",B29)),OR(ISNUMBER(SEARCH("Détérgent",B29)),ISNUMBER(SEARCH("Poudre",B29)),ISNUMBER(SEARCH("Semi Auto",B29)),ISNUMBER(SEARCH("1KG",B29)),ISNUMBER(SEARCH("500G",B29)),ISNUMBER(SEARCH("10KG",B29)),ISNUMBER(SEARCH("1.5K",B29)),ISNUMBER(SEARCH("215G",B29)),ISNUMBER(SEARCH("350G",B29)),ISNUMBER(SEARCH("90G",B29)),ISNUMBER(SEARCH("Gold",B29)),ISNUMBER(SEARCH("Citron",B29)),ISNUMBER(SEARCH("Rose",B29)),ISNUMBER(SEARCH("Lessive",B29))),NOT(OR(ISNUMBER(SEARCH("Vaisselle",B29)),ISNUMBER(SEARCH("Javel",B29)),ISNUMBER(SEARCH("Matic",B29)),ISNUMBER(SEARCH("Nettoyant",B29)),ISNUMBER(SEARCH("Pâte",B29)),ISNUMBER(SEARCH("Lave",B29)),ISNUMBER(SEARCH("Détartrant",B29))))),"Mio main (1k+500gr)",IF(AND(ISNUMBER(SEARCH("PAPILLON",B29)),OR(ISNUMBER(SEARCH("Papier",B29)),ISNUMBER(SEARCH("Hygiénique",B29)),ISNUMBER(SEARCH("HYGIÉNIQUE",B29))),NOT(OR(ISNUMBER(SEARCH("Lingette",B29)),ISNUMBER(SEARCH("Mouchoir",B29))))),"Papillon Papier",IF(OR(ISNUMBER(SEARCH("TAJ AL SAHAR",B29)),ISNUMBER(SEARCH("TAJ BLADI",B29)),ISNUMBER(SEARCH("TAJ BELADI",B29)),ISNUMBER(SEARCH("Tilal Assahra",B29)),ISNUMBER(SEARCH("Jawharat Asahra",B29))),"TAJ SAHARA",IF(AND(OR(ISNUMBER(SEARCH("AL ITKANE",B29)),ISNUMBER(SEARCH("ALITKANE",B29)),ISNUMBER(SEARCH("PRESTO",B29))),NOT(OR(ISNUMBER(SEARCH("Thé",B29)),ISNUMBER(SEARCH("THE ",B29)),ISNUMBER(SEARCH("thé",B29)),ISNUMBER(SEARCH("SELHAM",B29)),ISNUMBER(SEARCH("LHAFLA",B29)),ISNUMBER(SEARCH("ZINE",B29)),ISNUMBER(SEARCH("tiyay",B29)),ISNUMBER(SEARCH("alouns",B29)),ISNUMBER(SEARCH("lmhrat",B29))))),"Al Itkrans + Presto",IF(OR(ISNUMBER(SEARCH("DALAA",B29)),ISNUMBER(SEARCH("CS-DALAA",B29)),ISNUMBER(SEARCH("DALINA",B29))),"Dalaa VP / Baqqal / RP",IF(OR(LEFT(UPPER(B29),4)="MIA ",LEFT(UPPER(B29),6)="CS-MIA"),"Mia",IF(OR(LEFT(UPPER(B29),5)="NOVA ",LEFT(UPPER(B29),7)="CS-NOVA"),"Nova",IF(OR(ISNUMBER(SEARCH("PRIMA ",B29)),ISNUMBER(SEARCH("CS-PRIMA",B29))),"Prima",IF(OR(ISNUMBER(SEARCH("Douceur",B29)),ISNUMBER(SEARCH("DOUCEUR",B29))),"Douceur",IF(OR(ISNUMBER(SEARCH("SANGO",B29)),ISNUMBER(SEARCH("CS-SANGO",B29))),"SANGO",IF(ISNUMBER(SEARCH("BLANDOUX",B29)),"Blandoux",IF(ISNUMBER(SEARCH("SHIWAMI",B29)),"Shiwame",IF(ISNUMBER(SEARCH("KELLOGG",B29)),"Kelloggs",IF(OR(ISNUMBER(SEARCH("TOBIGO",B29)),ISNUMBER(SEARCH("DWIST",B29))),"Tobigo",IF(OR(ISNUMBER(SEARCH("MARISOL",B29)),ISNUMBER(SEARCH("MARESOL",B29))),"Maresol",IF(OR(ISNUMBER(SEARCH("TAKIS",B29)),ISNUMBER(SEARCH("TAKYS",B29))),"TAKYS",IF(ISNUMBER(SEARCH("TAWIL",B29)),"Tawil",IF(ISNUMBER(SEARCH("FROMY",B29)),"Fromy","")))))))))))))))))))))))) -> Tobigo
A30: =Products!A1691 -> ART00532 | B30: =Products!B1691 -> TOBIGO Bleo Bubble Gum | C30: =IF(OR(ISNUMBER(SEARCH("SELHAM",B30)),ISNUMBER(SEARCH("LHAFLA",B30)),ISNUMBER(SEARCH("ZINE",B30)),ISNUMBER(SEARCH("tiyay",B30)),ISNUMBER(SEARCH("alouns",B30)),ISNUMBER(SEARCH("lmhrat",B30))),"The Al Itkane",IF(AND(ISNUMBER(SEARCH("CALIN",B30)),ISNUMBER(SEARCH("RP",B30)),NOT(ISNUMBER(SEARCH("VP",B30)))),"Calin RP",IF(AND(ISNUMBER(SEARCH("CALIN",B30)),ISNUMBER(SEARCH("VP",B30))),"Calin VP",IF(AND(ISNUMBER(SEARCH("MIO",B30)),OR(ISNUMBER(SEARCH("Vaisselle",B30)),ISNUMBER(SEARCH("vaisselle",B30)))),"Mio Liquid Vaisselle",IF(AND(ISNUMBER(SEARCH("MIO",B30)),ISNUMBER(SEARCH("Javel",B30))),"Mio Javel",IF(AND(ISNUMBER(SEARCH("MIO",B30)),ISNUMBER(SEARCH("Matic",B30))),"Mio Matic",IF(AND(ISNUMBER(SEARCH("MIO",B30)),OR(ISNUMBER(SEARCH("Détérgent",B30)),ISNUMBER(SEARCH("Poudre",B30)),ISNUMBER(SEARCH("Semi Auto",B30)),ISNUMBER(SEARCH("1KG",B30)),ISNUMBER(SEARCH("500G",B30)),ISNUMBER(SEARCH("10KG",B30)),ISNUMBER(SEARCH("1.5K",B30)),ISNUMBER(SEARCH("215G",B30)),ISNUMBER(SEARCH("350G",B30)),ISNUMBER(SEARCH("90G",B30)),ISNUMBER(SEARCH("Gold",B30)),ISNUMBER(SEARCH("Citron",B30)),ISNUMBER(SEARCH("Rose",B30)),ISNUMBER(SEARCH("Lessive",B30))),NOT(OR(ISNUMBER(SEARCH("Vaisselle",B30)),ISNUMBER(SEARCH("Javel",B30)),ISNUMBER(SEARCH("Matic",B30)),ISNUMBER(SEARCH("Nettoyant",B30)),ISNUMBER(SEARCH("Pâte",B30)),ISNUMBER(SEARCH("Lave",B30)),ISNUMBER(SEARCH("Détartrant",B30))))),"Mio main (1k+500gr)",IF(AND(ISNUMBER(SEARCH("PAPILLON",B30)),OR(ISNUMBER(SEARCH("Papier",B30)),ISNUMBER(SEARCH("Hygiénique",B30)),ISNUMBER(SEARCH("HYGIÉNIQUE",B30))),NOT(OR(ISNUMBER(SEARCH("Lingette",B30)),ISNUMBER(SEARCH("Mouchoir",B30))))),"Papillon Papier",IF(OR(ISNUMBER(SEARCH("TAJ AL SAHAR",B30)),ISNUMBER(SEARCH("TAJ BLADI",B30)),ISNUMBER(SEARCH("TAJ BELADI",B30)),ISNUMBER(SEARCH("Tilal Assahra",B30)),ISNUMBER(SEARCH("Jawharat Asahra",B30))),"TAJ SAHARA",IF(AND(OR(ISNUMBER(SEARCH("AL ITKANE",B30)),ISNUMBER(SEARCH("ALITKANE",B30)),ISNUMBER(SEARCH("PRESTO",B30))),NOT(OR(ISNUMBER(SEARCH("Thé",B30)),ISNUMBER(SEARCH("THE ",B30)),ISNUMBER(SEARCH("thé",B30)),ISNUMBER(SEARCH("SELHAM",B30)),ISNUMBER(SEARCH("LHAFLA",B30)),ISNUMBER(SEARCH("ZINE",B30)),ISNUMBER(SEARCH("tiyay",B30)),ISNUMBER(SEARCH("alouns",B30)),ISNUMBER(SEARCH("lmhrat",B30))))),"Al Itkrans + Presto",IF(OR(ISNUMBER(SEARCH("DALAA",B30)),ISNUMBER(SEARCH("CS-DALAA",B30)),ISNUMBER(SEARCH("DALINA",B30))),"Dalaa VP / Baqqal / RP",IF(OR(LEFT(UPPER(B30),4)="MIA ",LEFT(UPPER(B30),6)="CS-MIA"),"Mia",IF(OR(LEFT(UPPER(B30),5)="NOVA ",LEFT(UPPER(B30),7)="CS-NOVA"),"Nova",IF(OR(ISNUMBER(SEARCH("PRIMA ",B30)),ISNUMBER(SEARCH("CS-PRIMA",B30))),"Prima",IF(OR(ISNUMBER(SEARCH("Douceur",B30)),ISNUMBER(SEARCH("DOUCEUR",B30))),"Douceur",IF(OR(ISNUMBER(SEARCH("SANGO",B30)),ISNUMBER(SEARCH("CS-SANGO",B30))),"SANGO",IF(ISNUMBER(SEARCH("BLANDOUX",B30)),"Blandoux",IF(ISNUMBER(SEARCH("SHIWAMI",B30)),"Shiwame",IF(ISNUMBER(SEARCH("KELLOGG",B30)),"Kelloggs",IF(OR(ISNUMBER(SEARCH("TOBIGO",B30)),ISNUMBER(SEARCH("DWIST",B30))),"Tobigo",IF(OR(ISNUMBER(SEARCH("MARISOL",B30)),ISNUMBER(SEARCH("MARESOL",B30))),"Maresol",IF(OR(ISNUMBER(SEARCH("TAKIS",B30)),ISNUMBER(SEARCH("TAKYS",B30))),"TAKYS",IF(ISNUMBER(SEARCH("TAWIL",B30)),"Tawil",IF(ISNUMBER(SEARCH("FROMY",B30)),"Fromy","")))))))))))))))))))))))) -> Tobigo
A31: =Products!A1833 -> ART00682 | B31: =Products!B1833 -> TOBIGO Donut Chocolat *24 | C31: =IF(OR(ISNUMBER(SEARCH("SELHAM",B31)),ISNUMBER(SEARCH("LHAFLA",B31)),ISNUMBER(SEARCH("ZINE",B31)),ISNUMBER(SEARCH("tiyay",B31)),ISNUMBER(SEARCH("alouns",B31)),ISNUMBER(SEARCH("lmhrat",B31))),"The Al Itkane",IF(AND(ISNUMBER(SEARCH("CALIN",B31)),ISNUMBER(SEARCH("RP",B31)),NOT(ISNUMBER(SEARCH("VP",B31)))),"Calin RP",IF(AND(ISNUMBER(SEARCH("CALIN",B31)),ISNUMBER(SEARCH("VP",B31))),"Calin VP",IF(AND(ISNUMBER(SEARCH("MIO",B31)),OR(ISNUMBER(SEARCH("Vaisselle",B31)),ISNUMBER(SEARCH("vaisselle",B31)))),"Mio Liquid Vaisselle",IF(AND(ISNUMBER(SEARCH("MIO",B31)),ISNUMBER(SEARCH("Javel",B31))),"Mio Javel",IF(AND(ISNUMBER(SEARCH("MIO",B31)),ISNUMBER(SEARCH("Matic",B31))),"Mio Matic",IF(AND(ISNUMBER(SEARCH("MIO",B31)),OR(ISNUMBER(SEARCH("Détérgent",B31)),ISNUMBER(SEARCH("Poudre",B31)),ISNUMBER(SEARCH("Semi Auto",B31)),ISNUMBER(SEARCH("1KG",B31)),ISNUMBER(SEARCH("500G",B31)),ISNUMBER(SEARCH("10KG",B31)),ISNUMBER(SEARCH("1.5K",B31)),ISNUMBER(SEARCH("215G",B31)),ISNUMBER(SEARCH("350G",B31)),ISNUMBER(SEARCH("90G",B31)),ISNUMBER(SEARCH("Gold",B31)),ISNUMBER(SEARCH("Citron",B31)),ISNUMBER(SEARCH("Rose",B31)),ISNUMBER(SEARCH("Lessive",B31))),NOT(OR(ISNUMBER(SEARCH("Vaisselle",B31)),ISNUMBER(SEARCH("Javel",B31)),ISNUMBER(SEARCH("Matic",B31)),ISNUMBER(SEARCH("Nettoyant",B31)),ISNUMBER(SEARCH("Pâte",B31)),ISNUMBER(SEARCH("Lave",B31)),ISNUMBER(SEARCH("Détartrant",B31))))),"Mio main (1k+500gr)",IF(AND(ISNUMBER(SEARCH("PAPILLON",B31)),OR(ISNUMBER(SEARCH("Papier",B31)),ISNUMBER(SEARCH("Hygiénique",B31)),ISNUMBER(SEARCH("HYGIÉNIQUE",B31))),NOT(OR(ISNUMBER(SEARCH("Lingette",B31)),ISNUMBER(SEARCH("Mouchoir",B31))))),"Papillon Papier",IF(OR(ISNUMBER(SEARCH("TAJ AL SAHAR",B31)),ISNUMBER(SEARCH("TAJ BLADI",B31)),ISNUMBER(SEARCH("TAJ BELADI",B31)),ISNUMBER(SEARCH("Tilal Assahra",B31)),ISNUMBER(SEARCH("Jawharat Asahra",B31))),"TAJ SAHARA",IF(AND(OR(ISNUMBER(SEARCH("AL ITKANE",B31)),ISNUMBER(SEARCH("ALITKANE",B31)),ISNUMBER(SEARCH("PRESTO",B31))),NOT(OR(ISNUMBER(SEARCH("Thé",B31)),ISNUMBER(SEARCH("THE ",B31)),ISNUMBER(SEARCH("thé",B31)),ISNUMBER(SEARCH("SELHAM",B31)),ISNUMBER(SEARCH("LHAFLA",B31)),ISNUMBER(SEARCH("ZINE",B31)),ISNUMBER(SEARCH("tiyay",B31)),ISNUMBER(SEARCH("alouns",B31)),ISNUMBER(SEARCH("lmhrat",B31))))),"Al Itkrans + Presto",IF(OR(ISNUMBER(SEARCH("DALAA",B31)),ISNUMBER(SEARCH("CS-DALAA",B31)),ISNUMBER(SEARCH("DALINA",B31))),"Dalaa VP / Baqqal / RP",IF(OR(LEFT(UPPER(B31),4)="MIA ",LEFT(UPPER(B31),6)="CS-MIA"),"Mia",IF(OR(LEFT(UPPER(B31),5)="NOVA ",LEFT(UPPER(B31),7)="CS-NOVA"),"Nova",IF(OR(ISNUMBER(SEARCH("PRIMA ",B31)),ISNUMBER(SEARCH("CS-PRIMA",B31))),"Prima",IF(OR(ISNUMBER(SEARCH("Douceur",B31)),ISNUMBER(SEARCH("DOUCEUR",B31))),"Douceur",IF(OR(ISNUMBER(SEARCH("SANGO",B31)),ISNUMBER(SEARCH("CS-SANGO",B31))),"SANGO",IF(ISNUMBER(SEARCH("BLANDOUX",B31)),"Blandoux",IF(ISNUMBER(SEARCH("SHIWAMI",B31)),"Shiwame",IF(ISNUMBER(SEARCH("KELLOGG",B31)),"Kelloggs",IF(OR(ISNUMBER(SEARCH("TOBIGO",B31)),ISNUMBER(SEARCH("DWIST",B31))),"Tobigo",IF(OR(ISNUMBER(SEARCH("MARISOL",B31)),ISNUMBER(SEARCH("MARESOL",B31))),"Maresol",IF(OR(ISNUMBER(SEARCH("TAKIS",B31)),ISNUMBER(SEARCH("TAKYS",B31))),"TAKYS",IF(ISNUMBER(SEARCH("TAWIL",B31)),"Tawil",IF(ISNUMBER(SEARCH("FROMY",B31)),"Fromy","")))))))))))))))))))))))) -> Tobigo
A32: =Products!A1898 -> ART00744 | B32: =Products!B1898 -> TOBIGO Mini Crousty Chocolat 90G | C32: =IF(OR(ISNUMBER(SEARCH("SELHAM",B32)),ISNUMBER(SEARCH("LHAFLA",B32)),ISNUMBER(SEARCH("ZINE",B32)),ISNUMBER(SEARCH("tiyay",B32)),ISNUMBER(SEARCH("alouns",B32)),ISNUMBER(SEARCH("lmhrat",B32))),"The Al Itkane",IF(AND(ISNUMBER(SEARCH("CALIN",B32)),ISNUMBER(SEARCH("RP",B32)),NOT(ISNUMBER(SEARCH("VP",B32)))),"Calin RP",IF(AND(ISNUMBER(SEARCH("CALIN",B32)),ISNUMBER(SEARCH("VP",B32))),"Calin VP",IF(AND(ISNUMBER(SEARCH("MIO",B32)),OR(ISNUMBER(SEARCH("Vaisselle",B32)),ISNUMBER(SEARCH("vaisselle",B32)))),"Mio Liquid Vaisselle",IF(AND(ISNUMBER(SEARCH("MIO",B32)),ISNUMBER(SEARCH("Javel",B32))),"Mio Javel",IF(AND(ISNUMBER(SEARCH("MIO",B32)),ISNUMBER(SEARCH("Matic",B32))),"Mio Matic",IF(AND(ISNUMBER(SEARCH("MIO",B32)),OR(ISNUMBER(SEARCH("Détérgent",B32)),ISNUMBER(SEARCH("Poudre",B32)),ISNUMBER(SEARCH("Semi Auto",B32)),ISNUMBER(SEARCH("1KG",B32)),ISNUMBER(SEARCH("500G",B32)),ISNUMBER(SEARCH("10KG",B32)),ISNUMBER(SEARCH("1.5K",B32)),ISNUMBER(SEARCH("215G",B32)),ISNUMBER(SEARCH("350G",B32)),ISNUMBER(SEARCH("90G",B32)),ISNUMBER(SEARCH("Gold",B32)),ISNUMBER(SEARCH("Citron",B32)),ISNUMBER(SEARCH("Rose",B32)),ISNUMBER(SEARCH("Lessive",B32))),NOT(OR(ISNUMBER(SEARCH("Vaisselle",B32)),ISNUMBER(SEARCH("Javel",B32)),ISNUMBER(SEARCH("Matic",B32)),ISNUMBER(SEARCH("Nettoyant",B32)),ISNUMBER(SEARCH("Pâte",B32)),ISNUMBER(SEARCH("Lave",B32)),ISNUMBER(SEARCH("Détartrant",B32))))),"Mio main (1k+500gr)",IF(AND(ISNUMBER(SEARCH("PAPILLON",B32)),OR(ISNUMBER(SEARCH("Papier",B32)),ISNUMBER(SEARCH("Hygiénique",B32)),ISNUMBER(SEARCH("HYGIÉNIQUE",B32))),NOT(OR(ISNUMBER(SEARCH("Lingette",B32)),ISNUMBER(SEARCH("Mouchoir",B32))))),"Papillon Papier",IF(OR(ISNUMBER(SEARCH("TAJ AL SAHAR",B32)),ISNUMBER(SEARCH("TAJ BLADI",B32)),ISNUMBER(SEARCH("TAJ BELADI",B32)),ISNUMBER(SEARCH("Tilal Assahra",B32)),ISNUMBER(SEARCH("Jawharat Asahra",B32))),"TAJ SAHARA",IF(AND(OR(ISNUMBER(SEARCH("AL ITKANE",B32)),ISNUMBER(SEARCH("ALITKANE",B32)),ISNUMBER(SEARCH("PRESTO",B32))),NOT(OR(ISNUMBER(SEARCH("Thé",B32)),ISNUMBER(SEARCH("THE ",B32)),ISNUMBER(SEARCH("thé",B32)),ISNUMBER(SEARCH("SELHAM",B32)),ISNUMBER(SEARCH("LHAFLA",B32)),ISNUMBER(SEARCH("ZINE",B32)),ISNUMBER(SEARCH("tiyay",B32)),ISNUMBER(SEARCH("alouns",B32)),ISNUMBER(SEARCH("lmhrat",B32))))),"Al Itkrans + Presto",IF(OR(ISNUMBER(SEARCH("DALAA",B32)),ISNUMBER(SEARCH("CS-DALAA",B32)),ISNUMBER(SEARCH("DALINA",B32))),"Dalaa VP / Baqqal / RP",IF(OR(LEFT(UPPER(B32),4)="MIA ",LEFT(UPPER(B32),6)="CS-MIA"),"Mia",IF(OR(LEFT(UPPER(B32),5)="NOVA ",LEFT(UPPER(B32),7)="CS-NOVA"),"Nova",IF(OR(ISNUMBER(SEARCH("PRIMA ",B32)),ISNUMBER(SEARCH("CS-PRIMA",B32))),"Prima",IF(OR(ISNUMBER(SEARCH("Douceur",B32)),ISNUMBER(SEARCH("DOUCEUR",B32))),"Douceur",IF(OR(ISNUMBER(SEARCH("SANGO",B32)),ISNUMBER(SEARCH("CS-SANGO",B32))),"SANGO",IF(ISNUMBER(SEARCH("BLANDOUX",B32)),"Blandoux",IF(ISNUMBER(SEARCH("SHIWAMI",B32)),"Shiwame",IF(ISNUMBER(SEARCH("KELLOGG",B32)),"Kelloggs",IF(OR(ISNUMBER(SEARCH("TOBIGO",B32)),ISNUMBER(SEARCH("DWIST",B32))),"Tobigo",IF(OR(ISNUMBER(SEARCH("MARISOL",B32)),ISNUMBER(SEARCH("MARESOL",B32))),"Maresol",IF(OR(ISNUMBER(SEARCH("TAKIS",B32)),ISNUMBER(SEARCH("TAKYS",B32))),"TAKYS",IF(ISNUMBER(SEARCH("TAWIL",B32)),"Tawil",IF(ISNUMBER(SEARCH("FROMY",B32)),"Fromy","")))))))))))))))))))))))) -> Tobigo
A33: =Products!A1899 -> ART00745 | B33: =Products!B1899 -> TOBIGO Mini Crousty Vanille 90G | C33: =IF(OR(ISNUMBER(SEARCH("SELHAM",B33)),ISNUMBER(SEARCH("LHAFLA",B33)),ISNUMBER(SEARCH("ZINE",B33)),ISNUMBER(SEARCH("tiyay",B33)),ISNUMBER(SEARCH("alouns",B33)),ISNUMBER(SEARCH("lmhrat",B33))),"The Al Itkane",IF(AND(ISNUMBER(SEARCH("CALIN",B33)),ISNUMBER(SEARCH("RP",B33)),NOT(ISNUMBER(SEARCH("VP",B33)))),"Calin RP",IF(AND(ISNUMBER(SEARCH("CALIN",B33)),ISNUMBER(SEARCH("VP",B33))),"Calin VP",IF(AND(ISNUMBER(SEARCH("MIO",B33)),OR(ISNUMBER(SEARCH("Vaisselle",B33)),ISNUMBER(SEARCH("vaisselle",B33)))),"Mio Liquid Vaisselle",IF(AND(ISNUMBER(SEARCH("MIO",B33)),ISNUMBER(SEARCH("Javel",B33))),"Mio Javel",IF(AND(ISNUMBER(SEARCH("MIO",B33)),ISNUMBER(SEARCH("Matic",B33))),"Mio Matic",IF(AND(ISNUMBER(SEARCH("MIO",B33)),OR(ISNUMBER(SEARCH("Détérgent",B33)),ISNUMBER(SEARCH("Poudre",B33)),ISNUMBER(SEARCH("Semi Auto",B33)),ISNUMBER(SEARCH("1KG",B33)),ISNUMBER(SEARCH("500G",B33)),ISNUMBER(SEARCH("10KG",B33)),ISNUMBER(SEARCH("1.5K",B33)),ISNUMBER(SEARCH("215G",B33)),ISNUMBER(SEARCH("350G",B33)),ISNUMBER(SEARCH("90G",B33)),ISNUMBER(SEARCH("Gold",B33)),ISNUMBER(SEARCH("Citron",B33)),ISNUMBER(SEARCH("Rose",B33)),ISNUMBER(SEARCH("Lessive",B33))),NOT(OR(ISNUMBER(SEARCH("Vaisselle",B33)),ISNUMBER(SEARCH("Javel",B33)),ISNUMBER(SEARCH("Matic",B33)),ISNUMBER(SEARCH("Nettoyant",B33)),ISNUMBER(SEARCH("Pâte",B33)),ISNUMBER(SEARCH("Lave",B33)),ISNUMBER(SEARCH("Détartrant",B33))))),"Mio main (1k+500gr)",IF(AND(ISNUMBER(SEARCH("PAPILLON",B33)),OR(ISNUMBER(SEARCH("Papier",B33)),ISNUMBER(SEARCH("Hygiénique",B33)),ISNUMBER(SEARCH("HYGIÉNIQUE",B33))),NOT(OR(ISNUMBER(SEARCH("Lingette",B33)),ISNUMBER(SEARCH("Mouchoir",B33))))),"Papillon Papier",IF(OR(ISNUMBER(SEARCH("TAJ AL SAHAR",B33)),ISNUMBER(SEARCH("TAJ BLADI",B33)),ISNUMBER(SEARCH("TAJ BELADI",B33)),ISNUMBER(SEARCH("Tilal Assahra",B33)),ISNUMBER(SEARCH("Jawharat Asahra",B33))),"TAJ SAHARA",IF(AND(OR(ISNUMBER(SEARCH("AL ITKANE",B33)),ISNUMBER(SEARCH("ALITKANE",B33)),ISNUMBER(SEARCH("PRESTO",B33))),NOT(OR(ISNUMBER(SEARCH("Thé",B33)),ISNUMBER(SEARCH("THE ",B33)),ISNUMBER(SEARCH("thé",B33)),ISNUMBER(SEARCH("SELHAM",B33)),ISNUMBER(SEARCH("LHAFLA",B33)),ISNUMBER(SEARCH("ZINE",B33)),ISNUMBER(SEARCH("tiyay",B33)),ISNUMBER(SEARCH("alouns",B33)),ISNUMBER(SEARCH("lmhrat",B33))))),"Al Itkrans + Presto",IF(OR(ISNUMBER(SEARCH("DALAA",B33)),ISNUMBER(SEARCH("CS-DALAA",B33)),ISNUMBER(SEARCH("DALINA",B33))),"Dalaa VP / Baqqal / RP",IF(OR(LEFT(UPPER(B33),4)="MIA ",LEFT(UPPER(B33),6)="CS-MIA"),"Mia",IF(OR(LEFT(UPPER(B33),5)="NOVA ",LEFT(UPPER(B33),7)="CS-NOVA"),"Nova",IF(OR(ISNUMBER(SEARCH("PRIMA ",B33)),ISNUMBER(SEARCH("CS-PRIMA",B33))),"Prima",IF(OR(ISNUMBER(SEARCH("Douceur",B33)),ISNUMBER(SEARCH("DOUCEUR",B33))),"Douceur",IF(OR(ISNUMBER(SEARCH("SANGO",B33)),ISNUMBER(SEARCH("CS-SANGO",B33))),"SANGO",IF(ISNUMBER(SEARCH("BLANDOUX",B33)),"Blandoux",IF(ISNUMBER(SEARCH("SHIWAMI",B33)),"Shiwame",IF(ISNUMBER(SEARCH("KELLOGG",B33)),"Kelloggs",IF(OR(ISNUMBER(SEARCH("TOBIGO",B33)),ISNUMBER(SEARCH("DWIST",B33))),"Tobigo",IF(OR(ISNUMBER(SEARCH("MARISOL",B33)),ISNUMBER(SEARCH("MARESOL",B33))),"Maresol",IF(OR(ISNUMBER(SEARCH("TAKIS",B33)),ISNUMBER(SEARCH("TAKYS",B33))),"TAKYS",IF(ISNUMBER(SEARCH("TAWIL",B33)),"Tawil",IF(ISNUMBER(SEARCH("FROMY",B33)),"Fromy","")))))))))))))))))))))))) -> Tobigo
A34: =Products!A1956 -> ART00810 | B34: =Products!B1956 -> TOBIGO Roundy Vanille | C34: =IF(OR(ISNUMBER(SEARCH("SELHAM",B34)),ISNUMBER(SEARCH("LHAFLA",B34)),ISNUMBER(SEARCH("ZINE",B34)),ISNUMBER(SEARCH("tiyay",B34)),ISNUMBER(SEARCH("alouns",B34)),ISNUMBER(SEARCH("lmhrat",B34))),"The Al Itkane",IF(AND(ISNUMBER(SEARCH("CALIN",B34)),ISNUMBER(SEARCH("RP",B34)),NOT(ISNUMBER(SEARCH("VP",B34)))),"Calin RP",IF(AND(ISNUMBER(SEARCH("CALIN",B34)),ISNUMBER(SEARCH("VP",B34))),"Calin VP",IF(AND(ISNUMBER(SEARCH("MIO",B34)),OR(ISNUMBER(SEARCH("Vaisselle",B34)),ISNUMBER(SEARCH("vaisselle",B34)))),"Mio Liquid Vaisselle",IF(AND(ISNUMBER(SEARCH("MIO",B34)),ISNUMBER(SEARCH("Javel",B34))),"Mio Javel",IF(AND(ISNUMBER(SEARCH("MIO",B34)),ISNUMBER(SEARCH("Matic",B34))),"Mio Matic",IF(AND(ISNUMBER(SEARCH("MIO",B34)),OR(ISNUMBER(SEARCH("Détérgent",B34)),ISNUMBER(SEARCH("Poudre",B34)),ISNUMBER(SEARCH("Semi Auto",B34)),ISNUMBER(SEARCH("1KG",B34)),ISNUMBER(SEARCH("500G",B34)),ISNUMBER(SEARCH("10KG",B34)),ISNUMBER(SEARCH("1.5K",B34)),ISNUMBER(SEARCH("215G",B34)),ISNUMBER(SEARCH("350G",B34)),ISNUMBER(SEARCH("90G",B34)),ISNUMBER(SEARCH("Gold",B34)),ISNUMBER(SEARCH("Citron",B34)),ISNUMBER(SEARCH("Rose",B34)),ISNUMBER(SEARCH("Lessive",B34))),NOT(OR(ISNUMBER(SEARCH("Vaisselle",B34)),ISNUMBER(SEARCH("Javel",B34)),ISNUMBER(SEARCH("Matic",B34)),ISNUMBER(SEARCH("Nettoyant",B34)),ISNUMBER(SEARCH("Pâte",B34)),ISNUMBER(SEARCH("Lave",B34)),ISNUMBER(SEARCH("Détartrant",B34))))),"Mio main (1k+500gr)",IF(AND(ISNUMBER(SEARCH("PAPILLON",B34)),OR(ISNUMBER(SEARCH("Papier",B34)),ISNUMBER(SEARCH("Hygiénique",B34)),ISNUMBER(SEARCH("HYGIÉNIQUE",B34))),NOT(OR(ISNUMBER(SEARCH("Lingette",B34)),ISNUMBER(SEARCH("Mouchoir",B34))))),"Papillon Papier",IF(OR(ISNUMBER(SEARCH("TAJ AL SAHAR",B34)),ISNUMBER(SEARCH("TAJ BLADI",B34)),ISNUMBER(SEARCH("TAJ BELADI",B34)),ISNUMBER(SEARCH("Tilal Assahra",B34)),ISNUMBER(SEARCH("Jawharat Asahra",B34))),"TAJ SAHARA",IF(AND(OR(ISNUMBER(SEARCH("AL ITKANE",B34)),ISNUMBER(SEARCH("ALITKANE",B34)),ISNUMBER(SEARCH("PRESTO",B34))),NOT(OR(ISNUMBER(SEARCH("Thé",B34)),ISNUMBER(SEARCH("THE ",B34)),ISNUMBER(SEARCH("thé",B34)),ISNUMBER(SEARCH("SELHAM",B34)),ISNUMBER(SEARCH("LHAFLA",B34)),ISNUMBER(SEARCH("ZINE",B34)),ISNUMBER(SEARCH("tiyay",B34)),ISNUMBER(SEARCH("alouns",B34)),ISNUMBER(SEARCH("lmhrat",B34))))),"Al Itkrans + Presto",IF(OR(ISNUMBER(SEARCH("DALAA",B34)),ISNUMBER(SEARCH("CS-DALAA",B34)),ISNUMBER(SEARCH("DALINA",B34))),"Dalaa VP / Baqqal / RP",IF(OR(LEFT(UPPER(B34),4)="MIA ",LEFT(UPPER(B34),6)="CS-MIA"),"Mia",IF(OR(LEFT(UPPER(B34),5)="NOVA ",LEFT(UPPER(B34),7)="CS-NOVA"),"Nova",IF(OR(ISNUMBER(SEARCH("PRIMA ",B34)),ISNUMBER(SEARCH("CS-PRIMA",B34))),"Prima",IF(OR(ISNUMBER(SEARCH("Douceur",B34)),ISNUMBER(SEARCH("DOUCEUR",B34))),"Douceur",IF(OR(ISNUMBER(SEARCH("SANGO",B34)),ISNUMBER(SEARCH("CS-SANGO",B34))),"SANGO",IF(ISNUMBER(SEARCH("BLANDOUX",B34)),"Blandoux",IF(ISNUMBER(SEARCH("SHIWAMI",B34)),"Shiwame",IF(ISNUMBER(SEARCH("KELLOGG",B34)),"Kelloggs",IF(OR(ISNUMBER(SEARCH("TOBIGO",B34)),ISNUMBER(SEARCH("DWIST",B34))),"Tobigo",IF(OR(ISNUMBER(SEARCH("MARISOL",B34)),ISNUMBER(SEARCH("MARESOL",B34))),"Maresol",IF(OR(ISNUMBER(SEARCH("TAKIS",B34)),ISNUMBER(SEARCH("TAKYS",B34))),"TAKYS",IF(ISNUMBER(SEARCH("TAWIL",B34)),"Tawil",IF(ISNUMBER(SEARCH("FROMY",B34)),"Fromy","")))))))))))))))))))))))) -> Tobigo
A35: =Products!A1957 -> ART00811 | B35: =Products!B1957 -> TOBIGO Waffle Chocolat | C35: =IF(OR(ISNUMBER(SEARCH("SELHAM",B35)),ISNUMBER(SEARCH("LHAFLA",B35)),ISNUMBER(SEARCH("ZINE",B35)),ISNUMBER(SEARCH("tiyay",B35)),ISNUMBER(SEARCH("alouns",B35)),ISNUMBER(SEARCH("lmhrat",B35))),"The Al Itkane",IF(AND(ISNUMBER(SEARCH("CALIN",B35)),ISNUMBER(SEARCH("RP",B35)),NOT(ISNUMBER(SEARCH("VP",B35)))),"Calin RP",IF(AND(ISNUMBER(SEARCH("CALIN",B35)),ISNUMBER(SEARCH("VP",B35))),"Calin VP",IF(AND(ISNUMBER(SEARCH("MIO",B35)),OR(ISNUMBER(SEARCH("Vaisselle",B35)),ISNUMBER(SEARCH("vaisselle",B35)))),"Mio Liquid Vaisselle",IF(AND(ISNUMBER(SEARCH("MIO",B35)),ISNUMBER(SEARCH("Javel",B35))),"Mio Javel",IF(AND(ISNUMBER(SEARCH("MIO",B35)),ISNUMBER(SEARCH("Matic",B35))),"Mio Matic",IF(AND(ISNUMBER(SEARCH("MIO",B35)),OR(ISNUMBER(SEARCH("Détérgent",B35)),ISNUMBER(SEARCH("Poudre",B35)),ISNUMBER(SEARCH("Semi Auto",B35)),ISNUMBER(SEARCH("1KG",B35)),ISNUMBER(SEARCH("500G",B35)),ISNUMBER(SEARCH("10KG",B35)),ISNUMBER(SEARCH("1.5K",B35)),ISNUMBER(SEARCH("215G",B35)),ISNUMBER(SEARCH("350G",B35)),ISNUMBER(SEARCH("90G",B35)),ISNUMBER(SEARCH("Gold",B35)),ISNUMBER(SEARCH("Citron",B35)),ISNUMBER(SEARCH("Rose",B35)),ISNUMBER(SEARCH("Lessive",B35))),NOT(OR(ISNUMBER(SEARCH("Vaisselle",B35)),ISNUMBER(SEARCH("Javel",B35)),ISNUMBER(SEARCH("Matic",B35)),ISNUMBER(SEARCH("Nettoyant",B35)),ISNUMBER(SEARCH("Pâte",B35)),ISNUMBER(SEARCH("Lave",B35)),ISNUMBER(SEARCH("Détartrant",B35))))),"Mio main (1k+500gr)",IF(AND(ISNUMBER(SEARCH("PAPILLON",B35)),OR(ISNUMBER(SEARCH("Papier",B35)),ISNUMBER(SEARCH("Hygiénique",B35)),ISNUMBER(SEARCH("HYGIÉNIQUE",B35))),NOT(OR(ISNUMBER(SEARCH("Lingette",B35)),ISNUMBER(SEARCH("Mouchoir",B35))))),"Papillon Papier",IF(OR(ISNUMBER(SEARCH("TAJ AL SAHAR",B35)),ISNUMBER(SEARCH("TAJ BLADI",B35)),ISNUMBER(SEARCH("TAJ BELADI",B35)),ISNUMBER(SEARCH("Tilal Assahra",B35)),ISNUMBER(SEARCH("Jawharat Asahra",B35))),"TAJ SAHARA",IF(AND(OR(ISNUMBER(SEARCH("AL ITKANE",B35)),ISNUMBER(SEARCH("ALITKANE",B35)),ISNUMBER(SEARCH("PRESTO",B35))),NOT(OR(ISNUMBER(SEARCH("Thé",B35)),ISNUMBER(SEARCH("THE ",B35)),ISNUMBER(SEARCH("thé",B35)),ISNUMBER(SEARCH("SELHAM",B35)),ISNUMBER(SEARCH("LHAFLA",B35)),ISNUMBER(SEARCH("ZINE",B35)),ISNUMBER(SEARCH("tiyay",B35)),ISNUMBER(SEARCH("alouns",B35)),ISNUMBER(SEARCH("lmhrat",B35))))),"Al Itkrans + Presto",IF(OR(ISNUMBER(SEARCH("DALAA",B35)),ISNUMBER(SEARCH("CS-DALAA",B35)),ISNUMBER(SEARCH("DALINA",B35))),"Dalaa VP / Baqqal / RP",IF(OR(LEFT(UPPER(B35),4)="MIA ",LEFT(UPPER(B35),6)="CS-MIA"),"Mia",IF(OR(LEFT(UPPER(B35),5)="NOVA ",LEFT(UPPER(B35),7)="CS-NOVA"),"Nova",IF(OR(ISNUMBER(SEARCH("PRIMA ",B35)),ISNUMBER(SEARCH("CS-PRIMA",B35))),"Prima",IF(OR(ISNUMBER(SEARCH("Douceur",B35)),ISNUMBER(SEARCH("DOUCEUR",B35))),"Douceur",IF(OR(ISNUMBER(SEARCH("SANGO",B35)),ISNUMBER(SEARCH("CS-SANGO",B35))),"SANGO",IF(ISNUMBER(SEARCH("BLANDOUX",B35)),"Blandoux",IF(ISNUMBER(SEARCH("SHIWAMI",B35)),"Shiwame",IF(ISNUMBER(SEARCH("KELLOGG",B35)),"Kelloggs",IF(OR(ISNUMBER(SEARCH("TOBIGO",B35)),ISNUMBER(SEARCH("DWIST",B35))),"Tobigo",IF(OR(ISNUMBER(SEARCH("MARISOL",B35)),ISNUMBER(SEARCH("MARESOL",B35))),"Maresol",IF(OR(ISNUMBER(SEARCH("TAKIS",B35)),ISNUMBER(SEARCH("TAKYS",B35))),"TAKYS",IF(ISNUMBER(SEARCH("TAWIL",B35)),"Tawil",IF(ISNUMBER(SEARCH("FROMY",B35)),"Fromy","")))))))))))))))))))))))) -> Tobigo
A36: =Products!A2077 -> ART00953 | B36: =Products!B2077 -> TOBIGO Igloo Cake | C36: =IF(OR(ISNUMBER(SEARCH("SELHAM",B36)),ISNUMBER(SEARCH("LHAFLA",B36)),ISNUMBER(SEARCH("ZINE",B36)),ISNUMBER(SEARCH("tiyay",B36)),ISNUMBER(SEARCH("alouns",B36)),ISNUMBER(SEARCH("lmhrat",B36))),"The Al Itkane",IF(AND(ISNUMBER(SEARCH("CALIN",B36)),ISNUMBER(SEARCH("RP",B36)),NOT(ISNUMBER(SEARCH("VP",B36)))),"Calin RP",IF(AND(ISNUMBER(SEARCH("CALIN",B36)),ISNUMBER(SEARCH("VP",B36))),"Calin VP",IF(AND(ISNUMBER(SEARCH("MIO",B36)),OR(ISNUMBER(SEARCH("Vaisselle",B36)),ISNUMBER(SEARCH("vaisselle",B36)))),"Mio Liquid Vaisselle",IF(AND(ISNUMBER(SEARCH("MIO",B36)),ISNUMBER(SEARCH("Javel",B36))),"Mio Javel",IF(AND(ISNUMBER(SEARCH("MIO",B36)),ISNUMBER(SEARCH("Matic",B36))),"Mio Matic",IF(AND(ISNUMBER(SEARCH("MIO",B36)),OR(ISNUMBER(SEARCH("Détérgent",B36)),ISNUMBER(SEARCH("Poudre",B36)),ISNUMBER(SEARCH("Semi Auto",B36)),ISNUMBER(SEARCH("1KG",B36)),ISNUMBER(SEARCH("500G",B36)),ISNUMBER(SEARCH("10KG",B36)),ISNUMBER(SEARCH("1.5K",B36)),ISNUMBER(SEARCH("215G",B36)),ISNUMBER(SEARCH("350G",B36)),ISNUMBER(SEARCH("90G",B36)),ISNUMBER(SEARCH("Gold",B36)),ISNUMBER(SEARCH("Citron",B36)),ISNUMBER(SEARCH("Rose",B36)),ISNUMBER(SEARCH("Lessive",B36))),NOT(OR(ISNUMBER(SEARCH("Vaisselle",B36)),ISNUMBER(SEARCH("Javel",B36)),ISNUMBER(SEARCH("Matic",B36)),ISNUMBER(SEARCH("Nettoyant",B36)),ISNUMBER(SEARCH("Pâte",B36)),ISNUMBER(SEARCH("Lave",B36)),ISNUMBER(SEARCH("Détartrant",B36))))),"Mio main (1k+500gr)",IF(AND(ISNUMBER(SEARCH("PAPILLON",B36)),OR(ISNUMBER(SEARCH("Papier",B36)),ISNUMBER(SEARCH("Hygiénique",B36)),ISNUMBER(SEARCH("HYGIÉNIQUE",B36))),NOT(OR(ISNUMBER(SEARCH("Lingette",B36)),ISNUMBER(SEARCH("Mouchoir",B36))))),"Papillon Papier",IF(OR(ISNUMBER(SEARCH("TAJ AL SAHAR",B36)),ISNUMBER(SEARCH("TAJ BLADI",B36)),ISNUMBER(SEARCH("TAJ BELADI",B36)),ISNUMBER(SEARCH("Tilal Assahra",B36)),ISNUMBER(SEARCH("Jawharat Asahra",B36))),"TAJ SAHARA",IF(AND(OR(ISNUMBER(SEARCH("AL ITKANE",B36)),ISNUMBER(SEARCH("ALITKANE",B36)),ISNUMBER(SEARCH("PRESTO",B36))),NOT(OR(ISNUMBER(SEARCH("Thé",B36)),ISNUMBER(SEARCH("THE ",B36)),ISNUMBER(SEARCH("thé",B36)),ISNUMBER(SEARCH("SELHAM",B36)),ISNUMBER(SEARCH("LHAFLA",B36)),ISNUMBER(SEARCH("ZINE",B36)),ISNUMBER(SEARCH("tiyay",B36)),ISNUMBER(SEARCH("alouns",B36)),ISNUMBER(SEARCH("lmhrat",B36))))),"Al Itkrans + Presto",IF(OR(ISNUMBER(SEARCH("DALAA",B36)),ISNUMBER(SEARCH("CS-DALAA",B36)),ISNUMBER(SEARCH("DALINA",B36))),"Dalaa VP / Baqqal / RP",IF(OR(LEFT(UPPER(B36),4)="MIA ",LEFT(UPPER(B36),6)="CS-MIA"),"Mia",IF(OR(LEFT(UPPER(B36),5)="NOVA ",LEFT(UPPER(B36),7)="CS-NOVA"),"Nova",IF(OR(ISNUMBER(SEARCH("PRIMA ",B36)),ISNUMBER(SEARCH("CS-PRIMA",B36))),"Prima",IF(OR(ISNUMBER(SEARCH("Douceur",B36)),ISNUMBER(SEARCH("DOUCEUR",B36))),"Douceur",IF(OR(ISNUMBER(SEARCH("SANGO",B36)),ISNUMBER(SEARCH("CS-SANGO",B36))),"SANGO",IF(ISNUMBER(SEARCH("BLANDOUX",B36)),"Blandoux",IF(ISNUMBER(SEARCH("SHIWAMI",B36)),"Shiwame",IF(ISNUMBER(SEARCH("KELLOGG",B36)),"Kelloggs",IF(OR(ISNUMBER(SEARCH("TOBIGO",B36)),ISNUMBER(SEARCH("DWIST",B36))),"Tobigo",IF(OR(ISNUMBER(SEARCH("MARISOL",B36)),ISNUMBER(SEARCH("MARESOL",B36))),"Maresol",IF(OR(ISNUMBER(SEARCH("TAKIS",B36)),ISNUMBER(SEARCH("TAKYS",B36))),"TAKYS",IF(ISNUMBER(SEARCH("TAWIL",B36)),"Tawil",IF(ISNUMBER(SEARCH("FROMY",B36)),"Fromy","")))))))))))))))))))))))) -> Tobigo
A37: =Products!A2095 -> ART00969 | B37: =Products!B2095 -> TOBIGO Crousty Cherry Cola | C37: =IF(OR(ISNUMBER(SEARCH("SELHAM",B37)),ISNUMBER(SEARCH("LHAFLA",B37)),ISNUMBER(SEARCH("ZINE",B37)),ISNUMBER(SEARCH("tiyay",B37)),ISNUMBER(SEARCH("alouns",B37)),ISNUMBER(SEARCH("lmhrat",B37))),"The Al Itkane",IF(AND(ISNUMBER(SEARCH("CALIN",B37)),ISNUMBER(SEARCH("RP",B37)),NOT(ISNUMBER(SEARCH("VP",B37)))),"Calin RP",IF(AND(ISNUMBER(SEARCH("CALIN",B37)),ISNUMBER(SEARCH("VP",B37))),"Calin VP",IF(AND(ISNUMBER(SEARCH("MIO",B37)),OR(ISNUMBER(SEARCH("Vaisselle",B37)),ISNUMBER(SEARCH("vaisselle",B37)))),"Mio Liquid Vaisselle",IF(AND(ISNUMBER(SEARCH("MIO",B37)),ISNUMBER(SEARCH("Javel",B37))),"Mio Javel",IF(AND(ISNUMBER(SEARCH("MIO",B37)),ISNUMBER(SEARCH("Matic",B37))),"Mio Matic",IF(AND(ISNUMBER(SEARCH("MIO",B37)),OR(ISNUMBER(SEARCH("Détérgent",B37)),ISNUMBER(SEARCH("Poudre",B37)),ISNUMBER(SEARCH("Semi Auto",B37)),ISNUMBER(SEARCH("1KG",B37)),ISNUMBER(SEARCH("500G",B37)),ISNUMBER(SEARCH("10KG",B37)),ISNUMBER(SEARCH("1.5K",B37)),ISNUMBER(SEARCH("215G",B37)),ISNUMBER(SEARCH("350G",B37)),ISNUMBER(SEARCH("90G",B37)),ISNUMBER(SEARCH("Gold",B37)),ISNUMBER(SEARCH("Citron",B37)),ISNUMBER(SEARCH("Rose",B37)),ISNUMBER(SEARCH("Lessive",B37))),NOT(OR(ISNUMBER(SEARCH("Vaisselle",B37)),ISNUMBER(SEARCH("Javel",B37)),ISNUMBER(SEARCH("Matic",B37)),ISNUMBER(SEARCH("Nettoyant",B37)),ISNUMBER(SEARCH("Pâte",B37)),ISNUMBER(SEARCH("Lave",B37)),ISNUMBER(SEARCH("Détartrant",B37))))),"Mio main (1k+500gr)",IF(AND(ISNUMBER(SEARCH("PAPILLON",B37)),OR(ISNUMBER(SEARCH("Papier",B37)),ISNUMBER(SEARCH("Hygiénique",B37)),ISNUMBER(SEARCH("HYGIÉNIQUE",B37))),NOT(OR(ISNUMBER(SEARCH("Lingette",B37)),ISNUMBER(SEARCH("Mouchoir",B37))))),"Papillon Papier",IF(OR(ISNUMBER(SEARCH("TAJ AL SAHAR",B37)),ISNUMBER(SEARCH("TAJ BLADI",B37)),ISNUMBER(SEARCH("TAJ BELADI",B37)),ISNUMBER(SEARCH("Tilal Assahra",B37)),ISNUMBER(SEARCH("Jawharat Asahra",B37))),"TAJ SAHARA",IF(AND(OR(ISNUMBER(SEARCH("AL ITKANE",B37)),ISNUMBER(SEARCH("ALITKANE",B37)),ISNUMBER(SEARCH("PRESTO",B37))),NOT(OR(ISNUMBER(SEARCH("Thé",B37)),ISNUMBER(SEARCH("THE ",B37)),ISNUMBER(SEARCH("thé",B37)),ISNUMBER(SEARCH("SELHAM",B37)),ISNUMBER(SEARCH("LHAFLA",B37)),ISNUMBER(SEARCH("ZINE",B37)),ISNUMBER(SEARCH("tiyay",B37)),ISNUMBER(SEARCH("alouns",B37)),ISNUMBER(SEARCH("lmhrat",B37))))),"Al Itkrans + Presto",IF(OR(ISNUMBER(SEARCH("DALAA",B37)),ISNUMBER(SEARCH("CS-DALAA",B37)),ISNUMBER(SEARCH("DALINA",B37))),"Dalaa VP / Baqqal / RP",IF(OR(LEFT(UPPER(B37),4)="MIA ",LEFT(UPPER(B37),6)="CS-MIA"),"Mia",IF(OR(LEFT(UPPER(B37),5)="NOVA ",LEFT(UPPER(B37),7)="CS-NOVA"),"Nova",IF(OR(ISNUMBER(SEARCH("PRIMA ",B37)),ISNUMBER(SEARCH("CS-PRIMA",B37))),"Prima",IF(OR(ISNUMBER(SEARCH("Douceur",B37)),ISNUMBER(SEARCH("DOUCEUR",B37))),"Douceur",IF(OR(ISNUMBER(SEARCH("SANGO",B37)),ISNUMBER(SEARCH("CS-SANGO",B37))),"SANGO",IF(ISNUMBER(SEARCH("BLANDOUX",B37)),"Blandoux",IF(ISNUMBER(SEARCH("SHIWAMI",B37)),"Shiwame",IF(ISNUMBER(SEARCH("KELLOGG",B37)),"Kelloggs",IF(OR(ISNUMBER(SEARCH("TOBIGO",B37)),ISNUMBER(SEARCH("DWIST",B37))),"Tobigo",IF(OR(ISNUMBER(SEARCH("MARISOL",B37)),ISNUMBER(SEARCH("MARESOL",B37))),"Maresol",IF(OR(ISNUMBER(SEARCH("TAKIS",B37)),ISNUMBER(SEARCH("TAKYS",B37))),"TAKYS",IF(ISNUMBER(SEARCH("TAWIL",B37)),"Tawil",IF(ISNUMBER(SEARCH("FROMY",B37)),"Fromy","")))))))))))))))))))))))) -> Tobigo
A38: =Products!A2105 -> ART00979 | B38: =Products!B2105 -> TOBIGO Crousty Bubble Gum | C38: =IF(OR(ISNUMBER(SEARCH("SELHAM",B38)),ISNUMBER(SEARCH("LHAFLA",B38)),ISNUMBER(SEARCH("ZINE",B38)),ISNUMBER(SEARCH("tiyay",B38)),ISNUMBER(SEARCH("alouns",B38)),ISNUMBER(SEARCH("lmhrat",B38))),"The Al Itkane",IF(AND(ISNUMBER(SEARCH("CALIN",B38)),ISNUMBER(SEARCH("RP",B38)),NOT(ISNUMBER(SEARCH("VP",B38)))),"Calin RP",IF(AND(ISNUMBER(SEARCH("CALIN",B38)),ISNUMBER(SEARCH("VP",B38))),"Calin VP",IF(AND(ISNUMBER(SEARCH("MIO",B38)),OR(ISNUMBER(SEARCH("Vaisselle",B38)),ISNUMBER(SEARCH("vaisselle",B38)))),"Mio Liquid Vaisselle",IF(AND(ISNUMBER(SEARCH("MIO",B38)),ISNUMBER(SEARCH("Javel",B38))),"Mio Javel",IF(AND(ISNUMBER(SEARCH("MIO",B38)),ISNUMBER(SEARCH("Matic",B38))),"Mio Matic",IF(AND(ISNUMBER(SEARCH("MIO",B38)),OR(ISNUMBER(SEARCH("Détérgent",B38)),ISNUMBER(SEARCH("Poudre",B38)),ISNUMBER(SEARCH("Semi Auto",B38)),ISNUMBER(SEARCH("1KG",B38)),ISNUMBER(SEARCH("500G",B38)),ISNUMBER(SEARCH("10KG",B38)),ISNUMBER(SEARCH("1.5K",B38)),ISNUMBER(SEARCH("215G",B38)),ISNUMBER(SEARCH("350G",B38)),ISNUMBER(SEARCH("90G",B38)),ISNUMBER(SEARCH("Gold",B38)),ISNUMBER(SEARCH("Citron",B38)),ISNUMBER(SEARCH("Rose",B38)),ISNUMBER(SEARCH("Lessive",B38))),NOT(OR(ISNUMBER(SEARCH("Vaisselle",B38)),ISNUMBER(SEARCH("Javel",B38)),ISNUMBER(SEARCH("Matic",B38)),ISNUMBER(SEARCH("Nettoyant",B38)),ISNUMBER(SEARCH("Pâte",B38)),ISNUMBER(SEARCH("Lave",B38)),ISNUMBER(SEARCH("Détartrant",B38))))),"Mio main (1k+500gr)",IF(AND(ISNUMBER(SEARCH("PAPILLON",B38)),OR(ISNUMBER(SEARCH("Papier",B38)),ISNUMBER(SEARCH("Hygiénique",B38)),ISNUMBER(SEARCH("HYGIÉNIQUE",B38))),NOT(OR(ISNUMBER(SEARCH("Lingette",B38)),ISNUMBER(SEARCH("Mouchoir",B38))))),"Papillon Papier",IF(OR(ISNUMBER(SEARCH("TAJ AL SAHAR",B38)),ISNUMBER(SEARCH("TAJ BLADI",B38)),ISNUMBER(SEARCH("TAJ BELADI",B38)),ISNUMBER(SEARCH("Tilal Assahra",B38)),ISNUMBER(SEARCH("Jawharat Asahra",B38))),"TAJ SAHARA",IF(AND(OR(ISNUMBER(SEARCH("AL ITKANE",B38)),ISNUMBER(SEARCH("ALITKANE",B38)),ISNUMBER(SEARCH("PRESTO",B38))),NOT(OR(ISNUMBER(SEARCH("Thé",B38)),ISNUMBER(SEARCH("THE ",B38)),ISNUMBER(SEARCH("thé",B38)),ISNUMBER(SEARCH("SELHAM",B38)),ISNUMBER(SEARCH("LHAFLA",B38)),ISNUMBER(SEARCH("ZINE",B38)),ISNUMBER(SEARCH("tiyay",B38)),ISNUMBER(SEARCH("alouns",B38)),ISNUMBER(SEARCH("lmhrat",B38))))),"Al Itkrans + Presto",IF(OR(ISNUMBER(SEARCH("DALAA",B38)),ISNUMBER(SEARCH("CS-DALAA",B38)),ISNUMBER(SEARCH("DALINA",B38))),"Dalaa VP / Baqqal / RP",IF(OR(LEFT(UPPER(B38),4)="MIA ",LEFT(UPPER(B38),6)="CS-MIA"),"Mia",IF(OR(LEFT(UPPER(B38),5)="NOVA ",LEFT(UPPER(B38),7)="CS-NOVA"),"Nova",IF(OR(ISNUMBER(SEARCH("PRIMA ",B38)),ISNUMBER(SEARCH("CS-PRIMA",B38))),"Prima",IF(OR(ISNUMBER(SEARCH("Douceur",B38)),ISNUMBER(SEARCH("DOUCEUR",B38))),"Douceur",IF(OR(ISNUMBER(SEARCH("SANGO",B38)),ISNUMBER(SEARCH("CS-SANGO",B38))),"SANGO",IF(ISNUMBER(SEARCH("BLANDOUX",B38)),"Blandoux",IF(ISNUMBER(SEARCH("SHIWAMI",B38)),"Shiwame",IF(ISNUMBER(SEARCH("KELLOGG",B38)),"Kelloggs",IF(OR(ISNUMBER(SEARCH("TOBIGO",B38)),ISNUMBER(SEARCH("DWIST",B38))),"Tobigo",IF(OR(ISNUMBER(SEARCH("MARISOL",B38)),ISNUMBER(SEARCH("MARESOL",B38))),"Maresol",IF(OR(ISNUMBER(SEARCH("TAKIS",B38)),ISNUMBER(SEARCH("TAKYS",B38))),"TAKYS",IF(ISNUMBER(SEARCH("TAWIL",B38)),"Tawil",IF(ISNUMBER(SEARCH("FROMY",B38)),"Fromy","")))))))))))))))))))))))) -> Tobigo
A39: =Products!A2280 -> ART01161 | B39: =Products!B2280 -> TOBIGO Donut Cacao Framboise * 24 | C39: =IF(OR(ISNUMBER(SEARCH("SELHAM",B39)),ISNUMBER(SEARCH("LHAFLA",B39)),ISNUMBER(SEARCH("ZINE",B39)),ISNUMBER(SEARCH("tiyay",B39)),ISNUMBER(SEARCH("alouns",B39)),ISNUMBER(SEARCH("lmhrat",B39))),"The Al Itkane",IF(AND(ISNUMBER(SEARCH("CALIN",B39)),ISNUMBER(SEARCH("RP",B39)),NOT(ISNUMBER(SEARCH("VP",B39)))),"Calin RP",IF(AND(ISNUMBER(SEARCH("CALIN",B39)),ISNUMBER(SEARCH("VP",B39))),"Calin VP",IF(AND(ISNUMBER(SEARCH("MIO",B39)),OR(ISNUMBER(SEARCH("Vaisselle",B39)),ISNUMBER(SEARCH("vaisselle",B39)))),"Mio Liquid Vaisselle",IF(AND(ISNUMBER(SEARCH("MIO",B39)),ISNUMBER(SEARCH("Javel",B39))),"Mio Javel",IF(AND(ISNUMBER(SEARCH("MIO",B39)),ISNUMBER(SEARCH("Matic",B39))),"Mio Matic",IF(AND(ISNUMBER(SEARCH("MIO",B39)),OR(ISNUMBER(SEARCH("Détérgent",B39)),ISNUMBER(SEARCH("Poudre",B39)),ISNUMBER(SEARCH("Semi Auto",B39)),ISNUMBER(SEARCH("1KG",B39)),ISNUMBER(SEARCH("500G",B39)),ISNUMBER(SEARCH("10KG",B39)),ISNUMBER(SEARCH("1.5K",B39)),ISNUMBER(SEARCH("215G",B39)),ISNUMBER(SEARCH("350G",B39)),ISNUMBER(SEARCH("90G",B39)),ISNUMBER(SEARCH("Gold",B39)),ISNUMBER(SEARCH("Citron",B39)),ISNUMBER(SEARCH("Rose",B39)),ISNUMBER(SEARCH("Lessive",B39))),NOT(OR(ISNUMBER(SEARCH("Vaisselle",B39)),ISNUMBER(SEARCH("Javel",B39)),ISNUMBER(SEARCH("Matic",B39)),ISNUMBER(SEARCH("Nettoyant",B39)),ISNUMBER(SEARCH("Pâte",B39)),ISNUMBER(SEARCH("Lave",B39)),ISNUMBER(SEARCH("Détartrant",B39))))),"Mio main (1k+500gr)",IF(AND(ISNUMBER(SEARCH("PAPILLON",B39)),OR(ISNUMBER(SEARCH("Papier",B39)),ISNUMBER(SEARCH("Hygiénique",B39)),ISNUMBER(SEARCH("HYGIÉNIQUE",B39))),NOT(OR(ISNUMBER(SEARCH("Lingette",B39)),ISNUMBER(SEARCH("Mouchoir",B39))))),"Papillon Papier",IF(OR(ISNUMBER(SEARCH("TAJ AL SAHAR",B39)),ISNUMBER(SEARCH("TAJ BLADI",B39)),ISNUMBER(SEARCH("TAJ BELADI",B39)),ISNUMBER(SEARCH("Tilal Assahra",B39)),ISNUMBER(SEARCH("Jawharat Asahra",B39))),"TAJ SAHARA",IF(AND(OR(ISNUMBER(SEARCH("AL ITKANE",B39)),ISNUMBER(SEARCH("ALITKANE",B39)),ISNUMBER(SEARCH("PRESTO",B39))),NOT(OR(ISNUMBER(SEARCH("Thé",B39)),ISNUMBER(SEARCH("THE ",B39)),ISNUMBER(SEARCH("thé",B39)),ISNUMBER(SEARCH("SELHAM",B39)),ISNUMBER(SEARCH("LHAFLA",B39)),ISNUMBER(SEARCH("ZINE",B39)),ISNUMBER(SEARCH("tiyay",B39)),ISNUMBER(SEARCH("alouns",B39)),ISNUMBER(SEARCH("lmhrat",B39))))),"Al Itkrans + Presto",IF(OR(ISNUMBER(SEARCH("DALAA",B39)),ISNUMBER(SEARCH("CS-DALAA",B39)),ISNUMBER(SEARCH("DALINA",B39))),"Dalaa VP / Baqqal / RP",IF(OR(LEFT(UPPER(B39),4)="MIA ",LEFT(UPPER(B39),6)="CS-MIA"),"Mia",IF(OR(LEFT(UPPER(B39),5)="NOVA ",LEFT(UPPER(B39),7)="CS-NOVA"),"Nova",IF(OR(ISNUMBER(SEARCH("PRIMA ",B39)),ISNUMBER(SEARCH("CS-PRIMA",B39))),"Prima",IF(OR(ISNUMBER(SEARCH("Douceur",B39)),ISNUMBER(SEARCH("DOUCEUR",B39))),"Douceur",IF(OR(ISNUMBER(SEARCH("SANGO",B39)),ISNUMBER(SEARCH("CS-SANGO",B39))),"SANGO",IF(ISNUMBER(SEARCH("BLANDOUX",B39)),"Blandoux",IF(ISNUMBER(SEARCH("SHIWAMI",B39)),"Shiwame",IF(ISNUMBER(SEARCH("KELLOGG",B39)),"Kelloggs",IF(OR(ISNUMBER(SEARCH("TOBIGO",B39)),ISNUMBER(SEARCH("DWIST",B39))),"Tobigo",IF(OR(ISNUMBER(SEARCH("MARISOL",B39)),ISNUMBER(SEARCH("MARESOL",B39))),"Maresol",IF(OR(ISNUMBER(SEARCH("TAKIS",B39)),ISNUMBER(SEARCH("TAKYS",B39))),"TAKYS",IF(ISNUMBER(SEARCH("TAWIL",B39)),"Tawil",IF(ISNUMBER(SEARCH("FROMY",B39)),"Fromy","")))))))))))))))))))))))) -> Tobigo
A40: =Products!A2562 -> ART01454 | B40: =Products!B2562 -> TOBIGO Crousty All Black | C40: =IF(OR(ISNUMBER(SEARCH("SELHAM",B40)),ISNUMBER(SEARCH("LHAFLA",B40)),ISNUMBER(SEARCH("ZINE",B40)),ISNUMBER(SEARCH("tiyay",B40)),ISNUMBER(SEARCH("alouns",B40)),ISNUMBER(SEARCH("lmhrat",B40))),"The Al Itkane",IF(AND(ISNUMBER(SEARCH("CALIN",B40)),ISNUMBER(SEARCH("RP",B40)),NOT(ISNUMBER(SEARCH("VP",B40)))),"Calin RP",IF(AND(ISNUMBER(SEARCH("CALIN",B40)),ISNUMBER(SEARCH("VP",B40))),"Calin VP",IF(AND(ISNUMBER(SEARCH("MIO",B40)),OR(ISNUMBER(SEARCH("Vaisselle",B40)),ISNUMBER(SEARCH("vaisselle",B40)))),"Mio Liquid Vaisselle",IF(AND(ISNUMBER(SEARCH("MIO",B40)),ISNUMBER(SEARCH("Javel",B40))),"Mio Javel",IF(AND(ISNUMBER(SEARCH("MIO",B40)),ISNUMBER(SEARCH("Matic",B40))),"Mio Matic",IF(AND(ISNUMBER(SEARCH("MIO",B40)),OR(ISNUMBER(SEARCH("Détérgent",B40)),ISNUMBER(SEARCH("Poudre",B40)),ISNUMBER(SEARCH("Semi Auto",B40)),ISNUMBER(SEARCH("1KG",B40)),ISNUMBER(SEARCH("500G",B40)),ISNUMBER(SEARCH("10KG",B40)),ISNUMBER(SEARCH("1.5K",B40)),ISNUMBER(SEARCH("215G",B40)),ISNUMBER(SEARCH("350G",B40)),ISNUMBER(SEARCH("90G",B40)),ISNUMBER(SEARCH("Gold",B40)),ISNUMBER(SEARCH("Citron",B40)),ISNUMBER(SEARCH("Rose",B40)),ISNUMBER(SEARCH("Lessive",B40))),NOT(OR(ISNUMBER(SEARCH("Vaisselle",B40)),ISNUMBER(SEARCH("Javel",B40)),ISNUMBER(SEARCH("Matic",B40)),ISNUMBER(SEARCH("Nettoyant",B40)),ISNUMBER(SEARCH("Pâte",B40)),ISNUMBER(SEARCH("Lave",B40)),ISNUMBER(SEARCH("Détartrant",B40))))),"Mio main (1k+500gr)",IF(AND(ISNUMBER(SEARCH("PAPILLON",B40)),OR(ISNUMBER(SEARCH("Papier",B40)),ISNUMBER(SEARCH("Hygiénique",B40)),ISNUMBER(SEARCH("HYGIÉNIQUE",B40))),NOT(OR(ISNUMBER(SEARCH("Lingette",B40)),ISNUMBER(SEARCH("Mouchoir",B40))))),"Papillon Papier",IF(OR(ISNUMBER(SEARCH("TAJ AL SAHAR",B40)),ISNUMBER(SEARCH("TAJ BLADI",B40)),ISNUMBER(SEARCH("TAJ BELADI",B40)),ISNUMBER(SEARCH("Tilal Assahra",B40)),ISNUMBER(SEARCH("Jawharat Asahra",B40))),"TAJ SAHARA",IF(AND(OR(ISNUMBER(SEARCH("AL ITKANE",B40)),ISNUMBER(SEARCH("ALITKANE",B40)),ISNUMBER(SEARCH("PRESTO",B40))),NOT(OR(ISNUMBER(SEARCH("Thé",B40)),ISNUMBER(SEARCH("THE ",B40)),ISNUMBER(SEARCH("thé",B40)),ISNUMBER(SEARCH("SELHAM",B40)),ISNUMBER(SEARCH("LHAFLA",B40)),ISNUMBER(SEARCH("ZINE",B40)),ISNUMBER(SEARCH("tiyay",B40)),ISNUMBER(SEARCH("alouns",B40)),ISNUMBER(SEARCH("lmhrat",B40))))),"Al Itkrans + Presto",IF(OR(ISNUMBER(SEARCH("DALAA",B40)),ISNUMBER(SEARCH("CS-DALAA",B40)),ISNUMBER(SEARCH("DALINA",B40))),"Dalaa VP / Baqqal / RP",IF(OR(LEFT(UPPER(B40),4)="MIA ",LEFT(UPPER(B40),6)="CS-MIA"),"Mia",IF(OR(LEFT(UPPER(B40),5)="NOVA ",LEFT(UPPER(B40),7)="CS-NOVA"),"Nova",IF(OR(ISNUMBER(SEARCH("PRIMA ",B40)),ISNUMBER(SEARCH("CS-PRIMA",B40))),"Prima",IF(OR(ISNUMBER(SEARCH("Douceur",B40)),ISNUMBER(SEARCH("DOUCEUR",B40))),"Douceur",IF(OR(ISNUMBER(SEARCH("SANGO",B40)),ISNUMBER(SEARCH("CS-SANGO",B40))),"SANGO",IF(ISNUMBER(SEARCH("BLANDOUX",B40)),"Blandoux",IF(ISNUMBER(SEARCH("SHIWAMI",B40)),"Shiwame",IF(ISNUMBER(SEARCH("KELLOGG",B40)),"Kelloggs",IF(OR(ISNUMBER(SEARCH("TOBIGO",B40)),ISNUMBER(SEARCH("DWIST",B40))),"Tobigo",IF(OR(ISNUMBER(SEARCH("MARISOL",B40)),ISNUMBER(SEARCH("MARESOL",B40))),"Maresol",IF(OR(ISNUMBER(SEARCH("TAKIS",B40)),ISNUMBER(SEARCH("TAKYS",B40))),"TAKYS",IF(ISNUMBER(SEARCH("TAWIL",B40)),"Tawil",IF(ISNUMBER(SEARCH("FROMY",B40)),"Fromy","")))))))))))))))))))))))) -> Tobigo
A41: =Products!A2583 -> ART01475 | B41: =Products!B2583 -> TOBIGO Igloo Cake 24U | C41: =IF(OR(ISNUMBER(SEARCH("SELHAM",B41)),ISNUMBER(SEARCH("LHAFLA",B41)),ISNUMBER(SEARCH("ZINE",B41)),ISNUMBER(SEARCH("tiyay",B41)),ISNUMBER(SEARCH("alouns",B41)),ISNUMBER(SEARCH("lmhrat",B41))),"The Al Itkane",IF(AND(ISNUMBER(SEARCH("CALIN",B41)),ISNUMBER(SEARCH("RP",B41)),NOT(ISNUMBER(SEARCH("VP",B41)))),"Calin RP",IF(AND(ISNUMBER(SEARCH("CALIN",B41)),ISNUMBER(SEARCH("VP",B41))),"Calin VP",IF(AND(ISNUMBER(SEARCH("MIO",B41)),OR(ISNUMBER(SEARCH("Vaisselle",B41)),ISNUMBER(SEARCH("vaisselle",B41)))),"Mio Liquid Vaisselle",IF(AND(ISNUMBER(SEARCH("MIO",B41)),ISNUMBER(SEARCH("Javel",B41))),"Mio Javel",IF(AND(ISNUMBER(SEARCH("MIO",B41)),ISNUMBER(SEARCH("Matic",B41))),"Mio Matic",IF(AND(ISNUMBER(SEARCH("MIO",B41)),OR(ISNUMBER(SEARCH("Détérgent",B41)),ISNUMBER(SEARCH("Poudre",B41)),ISNUMBER(SEARCH("Semi Auto",B41)),ISNUMBER(SEARCH("1KG",B41)),ISNUMBER(SEARCH("500G",B41)),ISNUMBER(SEARCH("10KG",B41)),ISNUMBER(SEARCH("1.5K",B41)),ISNUMBER(SEARCH("215G",B41)),ISNUMBER(SEARCH("350G",B41)),ISNUMBER(SEARCH("90G",B41)),ISNUMBER(SEARCH("Gold",B41)),ISNUMBER(SEARCH("Citron",B41)),ISNUMBER(SEARCH("Rose",B41)),ISNUMBER(SEARCH("Lessive",B41))),NOT(OR(ISNUMBER(SEARCH("Vaisselle",B41)),ISNUMBER(SEARCH("Javel",B41)),ISNUMBER(SEARCH("Matic",B41)),ISNUMBER(SEARCH("Nettoyant",B41)),ISNUMBER(SEARCH("Pâte",B41)),ISNUMBER(SEARCH("Lave",B41)),ISNUMBER(SEARCH("Détartrant",B41))))),"Mio main (1k+500gr)",IF(AND(ISNUMBER(SEARCH("PAPILLON",B41)),OR(ISNUMBER(SEARCH("Papier",B41)),ISNUMBER(SEARCH("Hygiénique",B41)),ISNUMBER(SEARCH("HYGIÉNIQUE",B41))),NOT(OR(ISNUMBER(SEARCH("Lingette",B41)),ISNUMBER(SEARCH("Mouchoir",B41))))),"Papillon Papier",IF(OR(ISNUMBER(SEARCH("TAJ AL SAHAR",B41)),ISNUMBER(SEARCH("TAJ BLADI",B41)),ISNUMBER(SEARCH("TAJ BELADI",B41)),ISNUMBER(SEARCH("Tilal Assahra",B41)),ISNUMBER(SEARCH("Jawharat Asahra",B41))),"TAJ SAHARA",IF(AND(OR(ISNUMBER(SEARCH("AL ITKANE",B41)),ISNUMBER(SEARCH("ALITKANE",B41)),ISNUMBER(SEARCH("PRESTO",B41))),NOT(OR(ISNUMBER(SEARCH("Thé",B41)),ISNUMBER(SEARCH("THE ",B41)),ISNUMBER(SEARCH("thé",B41)),ISNUMBER(SEARCH("SELHAM",B41)),ISNUMBER(SEARCH("LHAFLA",B41)),ISNUMBER(SEARCH("ZINE",B41)),ISNUMBER(SEARCH("tiyay",B41)),ISNUMBER(SEARCH("alouns",B41)),ISNUMBER(SEARCH("lmhrat",B41))))),"Al Itkrans + Presto",IF(OR(ISNUMBER(SEARCH("DALAA",B41)),ISNUMBER(SEARCH("CS-DALAA",B41)),ISNUMBER(SEARCH("DALINA",B41))),"Dalaa VP / Baqqal / RP",IF(OR(LEFT(UPPER(B41),4)="MIA ",LEFT(UPPER(B41),6)="CS-MIA"),"Mia",IF(OR(LEFT(UPPER(B41),5)="NOVA ",LEFT(UPPER(B41),7)="CS-NOVA"),"Nova",IF(OR(ISNUMBER(SEARCH("PRIMA ",B41)),ISNUMBER(SEARCH("CS-PRIMA",B41))),"Prima",IF(OR(ISNUMBER(SEARCH("Douceur",B41)),ISNUMBER(SEARCH("DOUCEUR",B41))),"Douceur",IF(OR(ISNUMBER(SEARCH("SANGO",B41)),ISNUMBER(SEARCH("CS-SANGO",B41))),"SANGO",IF(ISNUMBER(SEARCH("BLANDOUX",B41)),"Blandoux",IF(ISNUMBER(SEARCH("SHIWAMI",B41)),"Shiwame",IF(ISNUMBER(SEARCH("KELLOGG",B41)),"Kelloggs",IF(OR(ISNUMBER(SEARCH("TOBIGO",B41)),ISNUMBER(SEARCH("DWIST",B41))),"Tobigo",IF(OR(ISNUMBER(SEARCH("MARISOL",B41)),ISNUMBER(SEARCH("MARESOL",B41))),"Maresol",IF(OR(ISNUMBER(SEARCH("TAKIS",B41)),ISNUMBER(SEARCH("TAKYS",B41))),"TAKYS",IF(ISNUMBER(SEARCH("TAWIL",B41)),"Tawil",IF(ISNUMBER(SEARCH("FROMY",B41)),"Fromy","")))))))))))))))))))))))) -> Tobigo
A42: =Products!A2584 -> ART01476 | B42: =Products!B2584 -> TOBIGO Waffle Banane | C42: =IF(OR(ISNUMBER(SEARCH("SELHAM",B42)),ISNUMBER(SEARCH("LHAFLA",B42)),ISNUMBER(SEARCH("ZINE",B42)),ISNUMBER(SEARCH("tiyay",B42)),ISNUMBER(SEARCH("alouns",B42)),ISNUMBER(SEARCH("lmhrat",B42))),"The Al Itkane",IF(AND(ISNUMBER(SEARCH("CALIN",B42)),ISNUMBER(SEARCH("RP",B42)),NOT(ISNUMBER(SEARCH("VP",B42)))),"Calin RP",IF(AND(ISNUMBER(SEARCH("CALIN",B42)),ISNUMBER(SEARCH("VP",B42))),"Calin VP",IF(AND(ISNUMBER(SEARCH("MIO",B42)),OR(ISNUMBER(SEARCH("Vaisselle",B42)),ISNUMBER(SEARCH("vaisselle",B42)))),"Mio Liquid Vaisselle",IF(AND(ISNUMBER(SEARCH("MIO",B42)),ISNUMBER(SEARCH("Javel",B42))),"Mio Javel",IF(AND(ISNUMBER(SEARCH("MIO",B42)),ISNUMBER(SEARCH("Matic",B42))),"Mio Matic",IF(AND(ISNUMBER(SEARCH("MIO",B42)),OR(ISNUMBER(SEARCH("Détérgent",B42)),ISNUMBER(SEARCH("Poudre",B42)),ISNUMBER(SEARCH("Semi Auto",B42)),ISNUMBER(SEARCH("1KG",B42)),ISNUMBER(SEARCH("500G",B42)),ISNUMBER(SEARCH("10KG",B42)),ISNUMBER(SEARCH("1.5K",B42)),ISNUMBER(SEARCH("215G",B42)),ISNUMBER(SEARCH("350G",B42)),ISNUMBER(SEARCH("90G",B42)),ISNUMBER(SEARCH("Gold",B42)),ISNUMBER(SEARCH("Citron",B42)),ISNUMBER(SEARCH("Rose",B42)),ISNUMBER(SEARCH("Lessive",B42))),NOT(OR(ISNUMBER(SEARCH("Vaisselle",B42)),ISNUMBER(SEARCH("Javel",B42)),ISNUMBER(SEARCH("Matic",B42)),ISNUMBER(SEARCH("Nettoyant",B42)),ISNUMBER(SEARCH("Pâte",B42)),ISNUMBER(SEARCH("Lave",B42)),ISNUMBER(SEARCH("Détartrant",B42))))),"Mio main (1k+500gr)",IF(AND(ISNUMBER(SEARCH("PAPILLON",B42)),OR(ISNUMBER(SEARCH("Papier",B42)),ISNUMBER(SEARCH("Hygiénique",B42)),ISNUMBER(SEARCH("HYGIÉNIQUE",B42))),NOT(OR(ISNUMBER(SEARCH("Lingette",B42)),ISNUMBER(SEARCH("Mouchoir",B42))))),"Papillon Papier",IF(OR(ISNUMBER(SEARCH("TAJ AL SAHAR",B42)),ISNUMBER(SEARCH("TAJ BLADI",B42)),ISNUMBER(SEARCH("TAJ BELADI",B42)),ISNUMBER(SEARCH("Tilal Assahra",B42)),ISNUMBER(SEARCH("Jawharat Asahra",B42))),"TAJ SAHARA",IF(AND(OR(ISNUMBER(SEARCH("AL ITKANE",B42)),ISNUMBER(SEARCH("ALITKANE",B42)),ISNUMBER(SEARCH("PRESTO",B42))),NOT(OR(ISNUMBER(SEARCH("Thé",B42)),ISNUMBER(SEARCH("THE ",B42)),ISNUMBER(SEARCH("thé",B42)),ISNUMBER(SEARCH("SELHAM",B42)),ISNUMBER(SEARCH("LHAFLA",B42)),ISNUMBER(SEARCH("ZINE",B42)),ISNUMBER(SEARCH("tiyay",B42)),ISNUMBER(SEARCH("alouns",B42)),ISNUMBER(SEARCH("lmhrat",B42))))),"Al Itkrans + Presto",IF(OR(ISNUMBER(SEARCH("DALAA",B42)),ISNUMBER(SEARCH("CS-DALAA",B42)),ISNUMBER(SEARCH("DALINA",B42))),"Dalaa VP / Baqqal / RP",IF(OR(LEFT(UPPER(B42),4)="MIA ",LEFT(UPPER(B42),6)="CS-MIA"),"Mia",IF(OR(LEFT(UPPER(B42),5)="NOVA ",LEFT(UPPER(B42),7)="CS-NOVA"),"Nova",IF(OR(ISNUMBER(SEARCH("PRIMA ",B42)),ISNUMBER(SEARCH("CS-PRIMA",B42))),"Prima",IF(OR(ISNUMBER(SEARCH("Douceur",B42)),ISNUMBER(SEARCH("DOUCEUR",B42))),"Douceur",IF(OR(ISNUMBER(SEARCH("SANGO",B42)),ISNUMBER(SEARCH("CS-SANGO",B42))),"SANGO",IF(ISNUMBER(SEARCH("BLANDOUX",B42)),"Blandoux",IF(ISNUMBER(SEARCH("SHIWAMI",B42)),"Shiwame",IF(ISNUMBER(SEARCH("KELLOGG",B42)),"Kelloggs",IF(OR(ISNUMBER(SEARCH("TOBIGO",B42)),ISNUMBER(SEARCH("DWIST",B42))),"Tobigo",IF(OR(ISNUMBER(SEARCH("MARISOL",B42)),ISNUMBER(SEARCH("MARESOL",B42))),"Maresol",IF(OR(ISNUMBER(SEARCH("TAKIS",B42)),ISNUMBER(SEARCH("TAKYS",B42))),"TAKYS",IF(ISNUMBER(SEARCH("TAWIL",B42)),"Tawil",IF(ISNUMBER(SEARCH("FROMY",B42)),"Fromy","")))))))))))))))))))))))) -> Tobigo
A43: =Products!A3230 -> CF35524 | B43: =Products!B3230 -> TOBIGO DONUT CACAOTE FRAMBOISE 24UN - NC | C43: =IF(OR(ISNUMBER(SEARCH("SELHAM",B43)),ISNUMBER(SEARCH("LHAFLA",B43)),ISNUMBER(SEARCH("ZINE",B43)),ISNUMBER(SEARCH("tiyay",B43)),ISNUMBER(SEARCH("alouns",B43)),ISNUMBER(SEARCH("lmhrat",B43))),"The Al Itkane",IF(AND(ISNUMBER(SEARCH("CALIN",B43)),ISNUMBER(SEARCH("RP",B43)),NOT(ISNUMBER(SEARCH("VP",B43)))),"Calin RP",IF(AND(ISNUMBER(SEARCH("CALIN",B43)),ISNUMBER(SEARCH("VP",B43))),"Calin VP",IF(AND(ISNUMBER(SEARCH("MIO",B43)),OR(ISNUMBER(SEARCH("Vaisselle",B43)),ISNUMBER(SEARCH("vaisselle",B43)))),"Mio Liquid Vaisselle",IF(AND(ISNUMBER(SEARCH("MIO",B43)),ISNUMBER(SEARCH("Javel",B43))),"Mio Javel",IF(AND(ISNUMBER(SEARCH("MIO",B43)),ISNUMBER(SEARCH("Matic",B43))),"Mio Matic",IF(AND(ISNUMBER(SEARCH("MIO",B43)),OR(ISNUMBER(SEARCH("Détérgent",B43)),ISNUMBER(SEARCH("Poudre",B43)),ISNUMBER(SEARCH("Semi Auto",B43)),ISNUMBER(SEARCH("1KG",B43)),ISNUMBER(SEARCH("500G",B43)),ISNUMBER(SEARCH("10KG",B43)),ISNUMBER(SEARCH("1.5K",B43)),ISNUMBER(SEARCH("215G",B43)),ISNUMBER(SEARCH("350G",B43)),ISNUMBER(SEARCH("90G",B43)),ISNUMBER(SEARCH("Gold",B43)),ISNUMBER(SEARCH("Citron",B43)),ISNUMBER(SEARCH("Rose",B43)),ISNUMBER(SEARCH("Lessive",B43))),NOT(OR(ISNUMBER(SEARCH("Vaisselle",B43)),ISNUMBER(SEARCH("Javel",B43)),ISNUMBER(SEARCH("Matic",B43)),ISNUMBER(SEARCH("Nettoyant",B43)),ISNUMBER(SEARCH("Pâte",B43)),ISNUMBER(SEARCH("Lave",B43)),ISNUMBER(SEARCH("Détartrant",B43))))),"Mio main (1k+500gr)",IF(AND(ISNUMBER(SEARCH("PAPILLON",B43)),OR(ISNUMBER(SEARCH("Papier",B43)),ISNUMBER(SEARCH("Hygiénique",B43)),ISNUMBER(SEARCH("HYGIÉNIQUE",B43))),NOT(OR(ISNUMBER(SEARCH("Lingette",B43)),ISNUMBER(SEARCH("Mouchoir",B43))))),"Papillon Papier",IF(OR(ISNUMBER(SEARCH("TAJ AL SAHAR",B43)),ISNUMBER(SEARCH("TAJ BLADI",B43)),ISNUMBER(SEARCH("TAJ BELADI",B43)),ISNUMBER(SEARCH("Tilal Assahra",B43)),ISNUMBER(SEARCH("Jawharat Asahra",B43))),"TAJ SAHARA",IF(AND(OR(ISNUMBER(SEARCH("AL ITKANE",B43)),ISNUMBER(SEARCH("ALITKANE",B43)),ISNUMBER(SEARCH("PRESTO",B43))),NOT(OR(ISNUMBER(SEARCH("Thé",B43)),ISNUMBER(SEARCH("THE ",B43)),ISNUMBER(SEARCH("thé",B43)),ISNUMBER(SEARCH("SELHAM",B43)),ISNUMBER(SEARCH("LHAFLA",B43)),ISNUMBER(SEARCH("ZINE",B43)),ISNUMBER(SEARCH("tiyay",B43)),ISNUMBER(SEARCH("alouns",B43)),ISNUMBER(SEARCH("lmhrat",B43))))),"Al Itkrans + Presto",IF(OR(ISNUMBER(SEARCH("DALAA",B43)),ISNUMBER(SEARCH("CS-DALAA",B43)),ISNUMBER(SEARCH("DALINA",B43))),"Dalaa VP / Baqqal / RP",IF(OR(LEFT(UPPER(B43),4)="MIA ",LEFT(UPPER(B43),6)="CS-MIA"),"Mia",IF(OR(LEFT(UPPER(B43),5)="NOVA ",LEFT(UPPER(B43),7)="CS-NOVA"),"Nova",IF(OR(ISNUMBER(SEARCH("PRIMA ",B43)),ISNUMBER(SEARCH("CS-PRIMA",B43))),"Prima",IF(OR(ISNUMBER(SEARCH("Douceur",B43)),ISNUMBER(SEARCH("DOUCEUR",B43))),"Douceur",IF(OR(ISNUMBER(SEARCH("SANGO",B43)),ISNUMBER(SEARCH("CS-SANGO",B43))),"SANGO",IF(ISNUMBER(SEARCH("BLANDOUX",B43)),"Blandoux",IF(ISNUMBER(SEARCH("SHIWAMI",B43)),"Shiwame",IF(ISNUMBER(SEARCH("KELLOGG",B43)),"Kelloggs",IF(OR(ISNUMBER(SEARCH("TOBIGO",B43)),ISNUMBER(SEARCH("DWIST",B43))),"Tobigo",IF(OR(ISNUMBER(SEARCH("MARISOL",B43)),ISNUMBER(SEARCH("MARESOL",B43))),"Maresol",IF(OR(ISNUMBER(SEARCH("TAKIS",B43)),ISNUMBER(SEARCH("TAKYS",B43))),"TAKYS",IF(ISNUMBER(SEARCH("TAWIL",B43)),"Tawil",IF(ISNUMBER(SEARCH("FROMY",B43)),"Fromy","")))))))))))))))))))))))) -> Tobigo
A44: =Products!A3232 -> CF35525 | B44: =Products!B3232 -> TOBIGO IGLO 24 UNITÉS - NC | C44: =IF(OR(ISNUMBER(SEARCH("SELHAM",B44)),ISNUMBER(SEARCH("LHAFLA",B44)),ISNUMBER(SEARCH("ZINE",B44)),ISNUMBER(SEARCH("tiyay",B44)),ISNUMBER(SEARCH("alouns",B44)),ISNUMBER(SEARCH("lmhrat",B44))),"The Al Itkane",IF(AND(ISNUMBER(SEARCH("CALIN",B44)),ISNUMBER(SEARCH("RP",B44)),NOT(ISNUMBER(SEARCH("VP",B44)))),"Calin RP",IF(AND(ISNUMBER(SEARCH("CALIN",B44)),ISNUMBER(SEARCH("VP",B44))),"Calin VP",IF(AND(ISNUMBER(SEARCH("MIO",B44)),OR(ISNUMBER(SEARCH("Vaisselle",B44)),ISNUMBER(SEARCH("vaisselle",B44)))),"Mio Liquid Vaisselle",IF(AND(ISNUMBER(SEARCH("MIO",B44)),ISNUMBER(SEARCH("Javel",B44))),"Mio Javel",IF(AND(ISNUMBER(SEARCH("MIO",B44)),ISNUMBER(SEARCH("Matic",B44))),"Mio Matic",IF(AND(ISNUMBER(SEARCH("MIO",B44)),OR(ISNUMBER(SEARCH("Détérgent",B44)),ISNUMBER(SEARCH("Poudre",B44)),ISNUMBER(SEARCH("Semi Auto",B44)),ISNUMBER(SEARCH("1KG",B44)),ISNUMBER(SEARCH("500G",B44)),ISNUMBER(SEARCH("10KG",B44)),ISNUMBER(SEARCH("1.5K",B44)),ISNUMBER(SEARCH("215G",B44)),ISNUMBER(SEARCH("350G",B44)),ISNUMBER(SEARCH("90G",B44)),ISNUMBER(SEARCH("Gold",B44)),ISNUMBER(SEARCH("Citron",B44)),ISNUMBER(SEARCH("Rose",B44)),ISNUMBER(SEARCH("Lessive",B44))),NOT(OR(ISNUMBER(SEARCH("Vaisselle",B44)),ISNUMBER(SEARCH("Javel",B44)),ISNUMBER(SEARCH("Matic",B44)),ISNUMBER(SEARCH("Nettoyant",B44)),ISNUMBER(SEARCH("Pâte",B44)),ISNUMBER(SEARCH("Lave",B44)),ISNUMBER(SEARCH("Détartrant",B44))))),"Mio main (1k+500gr)",IF(AND(ISNUMBER(SEARCH("PAPILLON",B44)),OR(ISNUMBER(SEARCH("Papier",B44)),ISNUMBER(SEARCH("Hygiénique",B44)),ISNUMBER(SEARCH("HYGIÉNIQUE",B44))),NOT(OR(ISNUMBER(SEARCH("Lingette",B44)),ISNUMBER(SEARCH("Mouchoir",B44))))),"Papillon Papier",IF(OR(ISNUMBER(SEARCH("TAJ AL SAHAR",B44)),ISNUMBER(SEARCH("TAJ BLADI",B44)),ISNUMBER(SEARCH("TAJ BELADI",B44)),ISNUMBER(SEARCH("Tilal Assahra",B44)),ISNUMBER(SEARCH("Jawharat Asahra",B44))),"TAJ SAHARA",IF(AND(OR(ISNUMBER(SEARCH("AL ITKANE",B44)),ISNUMBER(SEARCH("ALITKANE",B44)),ISNUMBER(SEARCH("PRESTO",B44))),NOT(OR(ISNUMBER(SEARCH("Thé",B44)),ISNUMBER(SEARCH("THE ",B44)),ISNUMBER(SEARCH("thé",B44)),ISNUMBER(SEARCH("SELHAM",B44)),ISNUMBER(SEARCH("LHAFLA",B44)),ISNUMBER(SEARCH("ZINE",B44)),ISNUMBER(SEARCH("tiyay",B44)),ISNUMBER(SEARCH("alouns",B44)),ISNUMBER(SEARCH("lmhrat",B44))))),"Al Itkrans + Presto",IF(OR(ISNUMBER(SEARCH("DALAA",B44)),ISNUMBER(SEARCH("CS-DALAA",B44)),ISNUMBER(SEARCH("DALINA",B44))),"Dalaa VP / Baqqal / RP",IF(OR(LEFT(UPPER(B44),4)="MIA ",LEFT(UPPER(B44),6)="CS-MIA"),"Mia",IF(OR(LEFT(UPPER(B44),5)="NOVA ",LEFT(UPPER(B44),7)="CS-NOVA"),"Nova",IF(OR(ISNUMBER(SEARCH("PRIMA ",B44)),ISNUMBER(SEARCH("CS-PRIMA",B44))),"Prima",IF(OR(ISNUMBER(SEARCH("Douceur",B44)),ISNUMBER(SEARCH("DOUCEUR",B44))),"Douceur",IF(OR(ISNUMBER(SEARCH("SANGO",B44)),ISNUMBER(SEARCH("CS-SANGO",B44))),"SANGO",IF(ISNUMBER(SEARCH("BLANDOUX",B44)),"Blandoux",IF(ISNUMBER(SEARCH("SHIWAMI",B44)),"Shiwame",IF(ISNUMBER(SEARCH("KELLOGG",B44)),"Kelloggs",IF(OR(ISNUMBER(SEARCH("TOBIGO",B44)),ISNUMBER(SEARCH("DWIST",B44))),"Tobigo",IF(OR(ISNUMBER(SEARCH("MARISOL",B44)),ISNUMBER(SEARCH("MARESOL",B44))),"Maresol",IF(OR(ISNUMBER(SEARCH("TAKIS",B44)),ISNUMBER(SEARCH("TAKYS",B44))),"TAKYS",IF(ISNUMBER(SEARCH("TAWIL",B44)),"Tawil",IF(ISNUMBER(SEARCH("FROMY",B44)),"Fromy","")))))))))))))))))))))))) -> Tobigo
A45: =Products!A3233 -> CF35529 | B45: =Products!B3233 -> TOBIGO MUFFINS VANILLE 30 UN | C45: =IF(OR(ISNUMBER(SEARCH("SELHAM",B45)),ISNUMBER(SEARCH("LHAFLA",B45)),ISNUMBER(SEARCH("ZINE",B45)),ISNUMBER(SEARCH("tiyay",B45)),ISNUMBER(SEARCH("alouns",B45)),ISNUMBER(SEARCH("lmhrat",B45))),"The Al Itkane",IF(AND(ISNUMBER(SEARCH("CALIN",B45)),ISNUMBER(SEARCH("RP",B45)),NOT(ISNUMBER(SEARCH("VP",B45)))),"Calin RP",IF(AND(ISNUMBER(SEARCH("CALIN",B45)),ISNUMBER(SEARCH("VP",B45))),"Calin VP",IF(AND(ISNUMBER(SEARCH("MIO",B45)),OR(ISNUMBER(SEARCH("Vaisselle",B45)),ISNUMBER(SEARCH("vaisselle",B45)))),"Mio Liquid Vaisselle",IF(AND(ISNUMBER(SEARCH("MIO",B45)),ISNUMBER(SEARCH("Javel",B45))),"Mio Javel",IF(AND(ISNUMBER(SEARCH("MIO",B45)),ISNUMBER(SEARCH("Matic",B45))),"Mio Matic",IF(AND(ISNUMBER(SEARCH("MIO",B45)),OR(ISNUMBER(SEARCH("Détérgent",B45)),ISNUMBER(SEARCH("Poudre",B45)),ISNUMBER(SEARCH("Semi Auto",B45)),ISNUMBER(SEARCH("1KG",B45)),ISNUMBER(SEARCH("500G",B45)),ISNUMBER(SEARCH("10KG",B45)),ISNUMBER(SEARCH("1.5K",B45)),ISNUMBER(SEARCH("215G",B45)),ISNUMBER(SEARCH("350G",B45)),ISNUMBER(SEARCH("90G",B45)),ISNUMBER(SEARCH("Gold",B45)),ISNUMBER(SEARCH("Citron",B45)),ISNUMBER(SEARCH("Rose",B45)),ISNUMBER(SEARCH("Lessive",B45))),NOT(OR(ISNUMBER(SEARCH("Vaisselle",B45)),ISNUMBER(SEARCH("Javel",B45)),ISNUMBER(SEARCH("Matic",B45)),ISNUMBER(SEARCH("Nettoyant",B45)),ISNUMBER(SEARCH("Pâte",B45)),ISNUMBER(SEARCH("Lave",B45)),ISNUMBER(SEARCH("Détartrant",B45))))),"Mio main (1k+500gr)",IF(AND(ISNUMBER(SEARCH("PAPILLON",B45)),OR(ISNUMBER(SEARCH("Papier",B45)),ISNUMBER(SEARCH("Hygiénique",B45)),ISNUMBER(SEARCH("HYGIÉNIQUE",B45))),NOT(OR(ISNUMBER(SEARCH("Lingette",B45)),ISNUMBER(SEARCH("Mouchoir",B45))))),"Papillon Papier",IF(OR(ISNUMBER(SEARCH("TAJ AL SAHAR",B45)),ISNUMBER(SEARCH("TAJ BLADI",B45)),ISNUMBER(SEARCH("TAJ BELADI",B45)),ISNUMBER(SEARCH("Tilal Assahra",B45)),ISNUMBER(SEARCH("Jawharat Asahra",B45))),"TAJ SAHARA",IF(AND(OR(ISNUMBER(SEARCH("AL ITKANE",B45)),ISNUMBER(SEARCH("ALITKANE",B45)),ISNUMBER(SEARCH("PRESTO",B45))),NOT(OR(ISNUMBER(SEARCH("Thé",B45)),ISNUMBER(SEARCH("THE ",B45)),ISNUMBER(SEARCH("thé",B45)),ISNUMBER(SEARCH("SELHAM",B45)),ISNUMBER(SEARCH("LHAFLA",B45)),ISNUMBER(SEARCH("ZINE",B45)),ISNUMBER(SEARCH("tiyay",B45)),ISNUMBER(SEARCH("alouns",B45)),ISNUMBER(SEARCH("lmhrat",B45))))),"Al Itkrans + Presto",IF(OR(ISNUMBER(SEARCH("DALAA",B45)),ISNUMBER(SEARCH("CS-DALAA",B45)),ISNUMBER(SEARCH("DALINA",B45))),"Dalaa VP / Baqqal / RP",IF(OR(LEFT(UPPER(B45),4)="MIA ",LEFT(UPPER(B45),6)="CS-MIA"),"Mia",IF(OR(LEFT(UPPER(B45),5)="NOVA ",LEFT(UPPER(B45),7)="CS-NOVA"),"Nova",IF(OR(ISNUMBER(SEARCH("PRIMA ",B45)),ISNUMBER(SEARCH("CS-PRIMA",B45))),"Prima",IF(OR(ISNUMBER(SEARCH("Douceur",B45)),ISNUMBER(SEARCH("DOUCEUR",B45))),"Douceur",IF(OR(ISNUMBER(SEARCH("SANGO",B45)),ISNUMBER(SEARCH("CS-SANGO",B45))),"SANGO",IF(ISNUMBER(SEARCH("BLANDOUX",B45)),"Blandoux",IF(ISNUMBER(SEARCH("SHIWAMI",B45)),"Shiwame",IF(ISNUMBER(SEARCH("KELLOGG",B45)),"Kelloggs",IF(OR(ISNUMBER(SEARCH("TOBIGO",B45)),ISNUMBER(SEARCH("DWIST",B45))),"Tobigo",IF(OR(ISNUMBER(SEARCH("MARISOL",B45)),ISNUMBER(SEARCH("MARESOL",B45))),"Maresol",IF(OR(ISNUMBER(SEARCH("TAKIS",B45)),ISNUMBER(SEARCH("TAKYS",B45))),"TAKYS",IF(ISNUMBER(SEARCH("TAWIL",B45)),"Tawil",IF(ISNUMBER(SEARCH("FROMY",B45)),"Fromy","")))))))))))))))))))))))) -> Tobigo
A46: =Products!A3234 -> CF35531 | B46: =Products!B3234 -> TOBIGO GÉNIO CACAOTÉ 32 UN | C46: =IF(OR(ISNUMBER(SEARCH("SELHAM",B46)),ISNUMBER(SEARCH("LHAFLA",B46)),ISNUMBER(SEARCH("ZINE",B46)),ISNUMBER(SEARCH("tiyay",B46)),ISNUMBER(SEARCH("alouns",B46)),ISNUMBER(SEARCH("lmhrat",B46))),"The Al Itkane",IF(AND(ISNUMBER(SEARCH("CALIN",B46)),ISNUMBER(SEARCH("RP",B46)),NOT(ISNUMBER(SEARCH("VP",B46)))),"Calin RP",IF(AND(ISNUMBER(SEARCH("CALIN",B46)),ISNUMBER(SEARCH("VP",B46))),"Calin VP",IF(AND(ISNUMBER(SEARCH("MIO",B46)),OR(ISNUMBER(SEARCH("Vaisselle",B46)),ISNUMBER(SEARCH("vaisselle",B46)))),"Mio Liquid Vaisselle",IF(AND(ISNUMBER(SEARCH("MIO",B46)),ISNUMBER(SEARCH("Javel",B46))),"Mio Javel",IF(AND(ISNUMBER(SEARCH("MIO",B46)),ISNUMBER(SEARCH("Matic",B46))),"Mio Matic",IF(AND(ISNUMBER(SEARCH("MIO",B46)),OR(ISNUMBER(SEARCH("Détérgent",B46)),ISNUMBER(SEARCH("Poudre",B46)),ISNUMBER(SEARCH("Semi Auto",B46)),ISNUMBER(SEARCH("1KG",B46)),ISNUMBER(SEARCH("500G",B46)),ISNUMBER(SEARCH("10KG",B46)),ISNUMBER(SEARCH("1.5K",B46)),ISNUMBER(SEARCH("215G",B46)),ISNUMBER(SEARCH("350G",B46)),ISNUMBER(SEARCH("90G",B46)),ISNUMBER(SEARCH("Gold",B46)),ISNUMBER(SEARCH("Citron",B46)),ISNUMBER(SEARCH("Rose",B46)),ISNUMBER(SEARCH("Lessive",B46))),NOT(OR(ISNUMBER(SEARCH("Vaisselle",B46)),ISNUMBER(SEARCH("Javel",B46)),ISNUMBER(SEARCH("Matic",B46)),ISNUMBER(SEARCH("Nettoyant",B46)),ISNUMBER(SEARCH("Pâte",B46)),ISNUMBER(SEARCH("Lave",B46)),ISNUMBER(SEARCH("Détartrant",B46))))),"Mio main (1k+500gr)",IF(AND(ISNUMBER(SEARCH("PAPILLON",B46)),OR(ISNUMBER(SEARCH("Papier",B46)),ISNUMBER(SEARCH("Hygiénique",B46)),ISNUMBER(SEARCH("HYGIÉNIQUE",B46))),NOT(OR(ISNUMBER(SEARCH("Lingette",B46)),ISNUMBER(SEARCH("Mouchoir",B46))))),"Papillon Papier",IF(OR(ISNUMBER(SEARCH("TAJ AL SAHAR",B46)),ISNUMBER(SEARCH("TAJ BLADI",B46)),ISNUMBER(SEARCH("TAJ BELADI",B46)),ISNUMBER(SEARCH("Tilal Assahra",B46)),ISNUMBER(SEARCH("Jawharat Asahra",B46))),"TAJ SAHARA",IF(AND(OR(ISNUMBER(SEARCH("AL ITKANE",B46)),ISNUMBER(SEARCH("ALITKANE",B46)),ISNUMBER(SEARCH("PRESTO",B46))),NOT(OR(ISNUMBER(SEARCH("Thé",B46)),ISNUMBER(SEARCH("THE ",B46)),ISNUMBER(SEARCH("thé",B46)),ISNUMBER(SEARCH("SELHAM",B46)),ISNUMBER(SEARCH("LHAFLA",B46)),ISNUMBER(SEARCH("ZINE",B46)),ISNUMBER(SEARCH("tiyay",B46)),ISNUMBER(SEARCH("alouns",B46)),ISNUMBER(SEARCH("lmhrat",B46))))),"Al Itkrans + Presto",IF(OR(ISNUMBER(SEARCH("DALAA",B46)),ISNUMBER(SEARCH("CS-DALAA",B46)),ISNUMBER(SEARCH("DALINA",B46))),"Dalaa VP / Baqqal / RP",IF(OR(LEFT(UPPER(B46),4)="MIA ",LEFT(UPPER(B46),6)="CS-MIA"),"Mia",IF(OR(LEFT(UPPER(B46),5)="NOVA ",LEFT(UPPER(B46),7)="CS-NOVA"),"Nova",IF(OR(ISNUMBER(SEARCH("PRIMA ",B46)),ISNUMBER(SEARCH("CS-PRIMA",B46))),"Prima",IF(OR(ISNUMBER(SEARCH("Douceur",B46)),ISNUMBER(SEARCH("DOUCEUR",B46))),"Douceur",IF(OR(ISNUMBER(SEARCH("SANGO",B46)),ISNUMBER(SEARCH("CS-SANGO",B46))),"SANGO",IF(ISNUMBER(SEARCH("BLANDOUX",B46)),"Blandoux",IF(ISNUMBER(SEARCH("SHIWAMI",B46)),"Shiwame",IF(ISNUMBER(SEARCH("KELLOGG",B46)),"Kelloggs",IF(OR(ISNUMBER(SEARCH("TOBIGO",B46)),ISNUMBER(SEARCH("DWIST",B46))),"Tobigo",IF(OR(ISNUMBER(SEARCH("MARISOL",B46)),ISNUMBER(SEARCH("MARESOL",B46))),"Maresol",IF(OR(ISNUMBER(SEARCH("TAKIS",B46)),ISNUMBER(SEARCH("TAKYS",B46))),"TAKYS",IF(ISNUMBER(SEARCH("TAWIL",B46)),"Tawil",IF(ISNUMBER(SEARCH("FROMY",B46)),"Fromy","")))))))))))))))))))))))) -> Tobigo
A47: =Products!A3518 -> ART03301 | B47: =Products!B3518 -> Tobigo Petit Beurre Mini Wafers Filled With Chocolate Cream 86g x 12 | C47: =IF(OR(ISNUMBER(SEARCH("SELHAM",B47)),ISNUMBER(SEARCH("LHAFLA",B47)),ISNUMBER(SEARCH("ZINE",B47)),ISNUMBER(SEARCH("tiyay",B47)),ISNUMBER(SEARCH("alouns",B47)),ISNUMBER(SEARCH("lmhrat",B47))),"The Al Itkane",IF(AND(ISNUMBER(SEARCH("CALIN",B47)),ISNUMBER(SEARCH("RP",B47)),NOT(ISNUMBER(SEARCH("VP",B47)))),"Calin RP",IF(AND(ISNUMBER(SEARCH("CALIN",B47)),ISNUMBER(SEARCH("VP",B47))),"Calin VP",IF(AND(ISNUMBER(SEARCH("MIO",B47)),OR(ISNUMBER(SEARCH("Vaisselle",B47)),ISNUMBER(SEARCH("vaisselle",B47)))),"Mio Liquid Vaisselle",IF(AND(ISNUMBER(SEARCH("MIO",B47)),ISNUMBER(SEARCH("Javel",B47))),"Mio Javel",IF(AND(ISNUMBER(SEARCH("MIO",B47)),ISNUMBER(SEARCH("Matic",B47))),"Mio Matic",IF(AND(ISNUMBER(SEARCH("MIO",B47)),OR(ISNUMBER(SEARCH("Détérgent",B47)),ISNUMBER(SEARCH("Poudre",B47)),ISNUMBER(SEARCH("Semi Auto",B47)),ISNUMBER(SEARCH("1KG",B47)),ISNUMBER(SEARCH("500G",B47)),ISNUMBER(SEARCH("10KG",B47)),ISNUMBER(SEARCH("1.5K",B47)),ISNUMBER(SEARCH("215G",B47)),ISNUMBER(SEARCH("350G",B47)),ISNUMBER(SEARCH("90G",B47)),ISNUMBER(SEARCH("Gold",B47)),ISNUMBER(SEARCH("Citron",B47)),ISNUMBER(SEARCH("Rose",B47)),ISNUMBER(SEARCH("Lessive",B47))),NOT(OR(ISNUMBER(SEARCH("Vaisselle",B47)),ISNUMBER(SEARCH("Javel",B47)),ISNUMBER(SEARCH("Matic",B47)),ISNUMBER(SEARCH("Nettoyant",B47)),ISNUMBER(SEARCH("Pâte",B47)),ISNUMBER(SEARCH("Lave",B47)),ISNUMBER(SEARCH("Détartrant",B47))))),"Mio main (1k+500gr)",IF(AND(ISNUMBER(SEARCH("PAPILLON",B47)),OR(ISNUMBER(SEARCH("Papier",B47)),ISNUMBER(SEARCH("Hygiénique",B47)),ISNUMBER(SEARCH("HYGIÉNIQUE",B47))),NOT(OR(ISNUMBER(SEARCH("Lingette",B47)),ISNUMBER(SEARCH("Mouchoir",B47))))),"Papillon Papier",IF(OR(ISNUMBER(SEARCH("TAJ AL SAHAR",B47)),ISNUMBER(SEARCH("TAJ BLADI",B47)),ISNUMBER(SEARCH("TAJ BELADI",B47)),ISNUMBER(SEARCH("Tilal Assahra",B47)),ISNUMBER(SEARCH("Jawharat Asahra",B47))),"TAJ SAHARA",IF(AND(OR(ISNUMBER(SEARCH("AL ITKANE",B47)),ISNUMBER(SEARCH("ALITKANE",B47)),ISNUMBER(SEARCH("PRESTO",B47))),NOT(OR(ISNUMBER(SEARCH("Thé",B47)),ISNUMBER(SEARCH("THE ",B47)),ISNUMBER(SEARCH("thé",B47)),ISNUMBER(SEARCH("SELHAM",B47)),ISNUMBER(SEARCH("LHAFLA",B47)),ISNUMBER(SEARCH("ZINE",B47)),ISNUMBER(SEARCH("tiyay",B47)),ISNUMBER(SEARCH("alouns",B47)),ISNUMBER(SEARCH("lmhrat",B47))))),"Al Itkrans + Presto",IF(OR(ISNUMBER(SEARCH("DALAA",B47)),ISNUMBER(SEARCH("CS-DALAA",B47)),ISNUMBER(SEARCH("DALINA",B47))),"Dalaa VP / Baqqal / RP",IF(OR(LEFT(UPPER(B47),4)="MIA ",LEFT(UPPER(B47),6)="CS-MIA"),"Mia",IF(OR(LEFT(UPPER(B47),5)="NOVA ",LEFT(UPPER(B47),7)="CS-NOVA"),"Nova",IF(OR(ISNUMBER(SEARCH("PRIMA ",B47)),ISNUMBER(SEARCH("CS-PRIMA",B47))),"Prima",IF(OR(ISNUMBER(SEARCH("Douceur",B47)),ISNUMBER(SEARCH("DOUCEUR",B47))),"Douceur",IF(OR(ISNUMBER(SEARCH("SANGO",B47)),ISNUMBER(SEARCH("CS-SANGO",B47))),"SANGO",IF(ISNUMBER(SEARCH("BLANDOUX",B47)),"Blandoux",IF(ISNUMBER(SEARCH("SHIWAMI",B47)),"Shiwame",IF(ISNUMBER(SEARCH("KELLOGG",B47)),"Kelloggs",IF(OR(ISNUMBER(SEARCH("TOBIGO",B47)),ISNUMBER(SEARCH("DWIST",B47))),"Tobigo",IF(OR(ISNUMBER(SEARCH("MARISOL",B47)),ISNUMBER(SEARCH("MARESOL",B47))),"Maresol",IF(OR(ISNUMBER(SEARCH("TAKIS",B47)),ISNUMBER(SEARCH("TAKYS",B47))),"TAKYS",IF(ISNUMBER(SEARCH("TAWIL",B47)),"Tawil",IF(ISNUMBER(SEARCH("FROMY",B47)),"Fromy","")))))))))))))))))))))))) -> Tobigo
A48: =Products!A3522 -> ART03300 | B48: =Products!B3522 -> Tobigo Petit Beurre Mini Butter Biscuits 88g x 12 | C48: =IF(OR(ISNUMBER(SEARCH("SELHAM",B48)),ISNUMBER(SEARCH("LHAFLA",B48)),ISNUMBER(SEARCH("ZINE",B48)),ISNUMBER(SEARCH("tiyay",B48)),ISNUMBER(SEARCH("alouns",B48)),ISNUMBER(SEARCH("lmhrat",B48))),"The Al Itkane",IF(AND(ISNUMBER(SEARCH("CALIN",B48)),ISNUMBER(SEARCH("RP",B48)),NOT(ISNUMBER(SEARCH("VP",B48)))),"Calin RP",IF(AND(ISNUMBER(SEARCH("CALIN",B48)),ISNUMBER(SEARCH("VP",B48))),"Calin VP",IF(AND(ISNUMBER(SEARCH("MIO",B48)),OR(ISNUMBER(SEARCH("Vaisselle",B48)),ISNUMBER(SEARCH("vaisselle",B48)))),"Mio Liquid Vaisselle",IF(AND(ISNUMBER(SEARCH("MIO",B48)),ISNUMBER(SEARCH("Javel",B48))),"Mio Javel",IF(AND(ISNUMBER(SEARCH("MIO",B48)),ISNUMBER(SEARCH("Matic",B48))),"Mio Matic",IF(AND(ISNUMBER(SEARCH("MIO",B48)),OR(ISNUMBER(SEARCH("Détérgent",B48)),ISNUMBER(SEARCH("Poudre",B48)),ISNUMBER(SEARCH("Semi Auto",B48)),ISNUMBER(SEARCH("1KG",B48)),ISNUMBER(SEARCH("500G",B48)),ISNUMBER(SEARCH("10KG",B48)),ISNUMBER(SEARCH("1.5K",B48)),ISNUMBER(SEARCH("215G",B48)),ISNUMBER(SEARCH("350G",B48)),ISNUMBER(SEARCH("90G",B48)),ISNUMBER(SEARCH("Gold",B48)),ISNUMBER(SEARCH("Citron",B48)),ISNUMBER(SEARCH("Rose",B48)),ISNUMBER(SEARCH("Lessive",B48))),NOT(OR(ISNUMBER(SEARCH("Vaisselle",B48)),ISNUMBER(SEARCH("Javel",B48)),ISNUMBER(SEARCH("Matic",B48)),ISNUMBER(SEARCH("Nettoyant",B48)),ISNUMBER(SEARCH("Pâte",B48)),ISNUMBER(SEARCH("Lave",B48)),ISNUMBER(SEARCH("Détartrant",B48))))),"Mio main (1k+500gr)",IF(AND(ISNUMBER(SEARCH("PAPILLON",B48)),OR(ISNUMBER(SEARCH("Papier",B48)),ISNUMBER(SEARCH("Hygiénique",B48)),ISNUMBER(SEARCH("HYGIÉNIQUE",B48))),NOT(OR(ISNUMBER(SEARCH("Lingette",B48)),ISNUMBER(SEARCH("Mouchoir",B48))))),"Papillon Papier",IF(OR(ISNUMBER(SEARCH("TAJ AL SAHAR",B48)),ISNUMBER(SEARCH("TAJ BLADI",B48)),ISNUMBER(SEARCH("TAJ BELADI",B48)),ISNUMBER(SEARCH("Tilal Assahra",B48)),ISNUMBER(SEARCH("Jawharat Asahra",B48))),"TAJ SAHARA",IF(AND(OR(ISNUMBER(SEARCH("AL ITKANE",B48)),ISNUMBER(SEARCH("ALITKANE",B48)),ISNUMBER(SEARCH("PRESTO",B48))),NOT(OR(ISNUMBER(SEARCH("Thé",B48)),ISNUMBER(SEARCH("THE ",B48)),ISNUMBER(SEARCH("thé",B48)),ISNUMBER(SEARCH("SELHAM",B48)),ISNUMBER(SEARCH("LHAFLA",B48)),ISNUMBER(SEARCH("ZINE",B48)),ISNUMBER(SEARCH("tiyay",B48)),ISNUMBER(SEARCH("alouns",B48)),ISNUMBER(SEARCH("lmhrat",B48))))),"Al Itkrans + Presto",IF(OR(ISNUMBER(SEARCH("DALAA",B48)),ISNUMBER(SEARCH("CS-DALAA",B48)),ISNUMBER(SEARCH("DALINA",B48))),"Dalaa VP / Baqqal / RP",IF(OR(LEFT(UPPER(B48),4)="MIA ",LEFT(UPPER(B48),6)="CS-MIA"),"Mia",IF(OR(LEFT(UPPER(B48),5)="NOVA ",LEFT(UPPER(B48),7)="CS-NOVA"),"Nova",IF(OR(ISNUMBER(SEARCH("PRIMA ",B48)),ISNUMBER(SEARCH("CS-PRIMA",B48))),"Prima",IF(OR(ISNUMBER(SEARCH("Douceur",B48)),ISNUMBER(SEARCH("DOUCEUR",B48))),"Douceur",IF(OR(ISNUMBER(SEARCH("SANGO",B48)),ISNUMBER(SEARCH("CS-SANGO",B48))),"SANGO",IF(ISNUMBER(SEARCH("BLANDOUX",B48)),"Blandoux",IF(ISNUMBER(SEARCH("SHIWAMI",B48)),"Shiwame",IF(ISNUMBER(SEARCH("KELLOGG",B48)),"Kelloggs",IF(OR(ISNUMBER(SEARCH("TOBIGO",B48)),ISNUMBER(SEARCH("DWIST",B48))),"Tobigo",IF(OR(ISNUMBER(SEARCH("MARISOL",B48)),ISNUMBER(SEARCH("MARESOL",B48))),"Maresol",IF(OR(ISNUMBER(SEARCH("TAKIS",B48)),ISNUMBER(SEARCH("TAKYS",B48))),"TAKYS",IF(ISNUMBER(SEARCH("TAWIL",B48)),"Tawil",IF(ISNUMBER(SEARCH("FROMY",B48)),"Fromy","")))))))))))))))))))))))) -> Tobigo
A49: =Products!A3523 -> ART03302 | B49: =Products!B3523 -> Tobigo Petit Beurre Min Cookies With chocolate chips 88g x 12 | C49: =IF(OR(ISNUMBER(SEARCH("SELHAM",B49)),ISNUMBER(SEARCH("LHAFLA",B49)),ISNUMBER(SEARCH("ZINE",B49)),ISNUMBER(SEARCH("tiyay",B49)),ISNUMBER(SEARCH("alouns",B49)),ISNUMBER(SEARCH("lmhrat",B49))),"The Al Itkane",IF(AND(ISNUMBER(SEARCH("CALIN",B49)),ISNUMBER(SEARCH("RP",B49)),NOT(ISNUMBER(SEARCH("VP",B49)))),"Calin RP",IF(AND(ISNUMBER(SEARCH("CALIN",B49)),ISNUMBER(SEARCH("VP",B49))),"Calin VP",IF(AND(ISNUMBER(SEARCH("MIO",B49)),OR(ISNUMBER(SEARCH("Vaisselle",B49)),ISNUMBER(SEARCH("vaisselle",B49)))),"Mio Liquid Vaisselle",IF(AND(ISNUMBER(SEARCH("MIO",B49)),ISNUMBER(SEARCH("Javel",B49))),"Mio Javel",IF(AND(ISNUMBER(SEARCH("MIO",B49)),ISNUMBER(SEARCH("Matic",B49))),"Mio Matic",IF(AND(ISNUMBER(SEARCH("MIO",B49)),OR(ISNUMBER(SEARCH("Détérgent",B49)),ISNUMBER(SEARCH("Poudre",B49)),ISNUMBER(SEARCH("Semi Auto",B49)),ISNUMBER(SEARCH("1KG",B49)),ISNUMBER(SEARCH("500G",B49)),ISNUMBER(SEARCH("10KG",B49)),ISNUMBER(SEARCH("1.5K",B49)),ISNUMBER(SEARCH("215G",B49)),ISNUMBER(SEARCH("350G",B49)),ISNUMBER(SEARCH("90G",B49)),ISNUMBER(SEARCH("Gold",B49)),ISNUMBER(SEARCH("Citron",B49)),ISNUMBER(SEARCH("Rose",B49)),ISNUMBER(SEARCH("Lessive",B49))),NOT(OR(ISNUMBER(SEARCH("Vaisselle",B49)),ISNUMBER(SEARCH("Javel",B49)),ISNUMBER(SEARCH("Matic",B49)),ISNUMBER(SEARCH("Nettoyant",B49)),ISNUMBER(SEARCH("Pâte",B49)),ISNUMBER(SEARCH("Lave",B49)),ISNUMBER(SEARCH("Détartrant",B49))))),"Mio main (1k+500gr)",IF(AND(ISNUMBER(SEARCH("PAPILLON",B49)),OR(ISNUMBER(SEARCH("Papier",B49)),ISNUMBER(SEARCH("Hygiénique",B49)),ISNUMBER(SEARCH("HYGIÉNIQUE",B49))),NOT(OR(ISNUMBER(SEARCH("Lingette",B49)),ISNUMBER(SEARCH("Mouchoir",B49))))),"Papillon Papier",IF(OR(ISNUMBER(SEARCH("TAJ AL SAHAR",B49)),ISNUMBER(SEARCH("TAJ BLADI",B49)),ISNUMBER(SEARCH("TAJ BELADI",B49)),ISNUMBER(SEARCH("Tilal Assahra",B49)),ISNUMBER(SEARCH("Jawharat Asahra",B49))),"TAJ SAHARA",IF(AND(OR(ISNUMBER(SEARCH("AL ITKANE",B49)),ISNUMBER(SEARCH("ALITKANE",B49)),ISNUMBER(SEARCH("PRESTO",B49))),NOT(OR(ISNUMBER(SEARCH("Thé",B49)),ISNUMBER(SEARCH("THE ",B49)),ISNUMBER(SEARCH("thé",B49)),ISNUMBER(SEARCH("SELHAM",B49)),ISNUMBER(SEARCH("LHAFLA",B49)),ISNUMBER(SEARCH("ZINE",B49)),ISNUMBER(SEARCH("tiyay",B49)),ISNUMBER(SEARCH("alouns",B49)),ISNUMBER(SEARCH("lmhrat",B49))))),"Al Itkrans + Presto",IF(OR(ISNUMBER(SEARCH("DALAA",B49)),ISNUMBER(SEARCH("CS-DALAA",B49)),ISNUMBER(SEARCH("DALINA",B49))),"Dalaa VP / Baqqal / RP",IF(OR(LEFT(UPPER(B49),4)="MIA ",LEFT(UPPER(B49),6)="CS-MIA"),"Mia",IF(OR(LEFT(UPPER(B49),5)="NOVA ",LEFT(UPPER(B49),7)="CS-NOVA"),"Nova",IF(OR(ISNUMBER(SEARCH("PRIMA ",B49)),ISNUMBER(SEARCH("CS-PRIMA",B49))),"Prima",IF(OR(ISNUMBER(SEARCH("Douceur",B49)),ISNUMBER(SEARCH("DOUCEUR",B49))),"Douceur",IF(OR(ISNUMBER(SEARCH("SANGO",B49)),ISNUMBER(SEARCH("CS-SANGO",B49))),"SANGO",IF(ISNUMBER(SEARCH("BLANDOUX",B49)),"Blandoux",IF(ISNUMBER(SEARCH("SHIWAMI",B49)),"Shiwame",IF(ISNUMBER(SEARCH("KELLOGG",B49)),"Kelloggs",IF(OR(ISNUMBER(SEARCH("TOBIGO",B49)),ISNUMBER(SEARCH("DWIST",B49))),"Tobigo",IF(OR(ISNUMBER(SEARCH("MARISOL",B49)),ISNUMBER(SEARCH("MARESOL",B49))),"Maresol",IF(OR(ISNUMBER(SEARCH("TAKIS",B49)),ISNUMBER(SEARCH("TAKYS",B49))),"TAKYS",IF(ISNUMBER(SEARCH("TAWIL",B49)),"Tawil",IF(ISNUMBER(SEARCH("FROMY",B49)),"Fromy","")))))))))))))))))))))))) -> Tobigo
A50: =Products!A4071 -> CF35172 | B50: =Products!B4071 -> TOBIGO SEAU PATE A TARTINER DWIST 900 G | C50: =IF(OR(ISNUMBER(SEARCH("SELHAM",B50)),ISNUMBER(SEARCH("LHAFLA",B50)),ISNUMBER(SEARCH("ZINE",B50)),ISNUMBER(SEARCH("tiyay",B50)),ISNUMBER(SEARCH("alouns",B50)),ISNUMBER(SEARCH("lmhrat",B50))),"The Al Itkane",IF(AND(ISNUMBER(SEARCH("CALIN",B50)),ISNUMBER(SEARCH("RP",B50)),NOT(ISNUMBER(SEARCH("VP",B50)))),"Calin RP",IF(AND(ISNUMBER(SEARCH("CALIN",B50)),ISNUMBER(SEARCH("VP",B50))),"Calin VP",IF(AND(ISNUMBER(SEARCH("MIO",B50)),OR(ISNUMBER(SEARCH("Vaisselle",B50)),ISNUMBER(SEARCH("vaisselle",B50)))),"Mio Liquid Vaisselle",IF(AND(ISNUMBER(SEARCH("MIO",B50)),ISNUMBER(SEARCH("Javel",B50))),"Mio Javel",IF(AND(ISNUMBER(SEARCH("MIO",B50)),ISNUMBER(SEARCH("Matic",B50))),"Mio Matic",IF(AND(ISNUMBER(SEARCH("MIO",B50)),OR(ISNUMBER(SEARCH("Détérgent",B50)),ISNUMBER(SEARCH("Poudre",B50)),ISNUMBER(SEARCH("Semi Auto",B50)),ISNUMBER(SEARCH("1KG",B50)),ISNUMBER(SEARCH("500G",B50)),ISNUMBER(SEARCH("10KG",B50)),ISNUMBER(SEARCH("1.5K",B50)),ISNUMBER(SEARCH("215G",B50)),ISNUMBER(SEARCH("350G",B50)),ISNUMBER(SEARCH("90G",B50)),ISNUMBER(SEARCH("Gold",B50)),ISNUMBER(SEARCH("Citron",B50)),ISNUMBER(SEARCH("Rose",B50)),ISNUMBER(SEARCH("Lessive",B50))),NOT(OR(ISNUMBER(SEARCH("Vaisselle",B50)),ISNUMBER(SEARCH("Javel",B50)),ISNUMBER(SEARCH("Matic",B50)),ISNUMBER(SEARCH("Nettoyant",B50)),ISNUMBER(SEARCH("Pâte",B50)),ISNUMBER(SEARCH("Lave",B50)),ISNUMBER(SEARCH("Détartrant",B50))))),"Mio main (1k+500gr)",IF(AND(ISNUMBER(SEARCH("PAPILLON",B50)),OR(ISNUMBER(SEARCH("Papier",B50)),ISNUMBER(SEARCH("Hygiénique",B50)),ISNUMBER(SEARCH("HYGIÉNIQUE",B50))),NOT(OR(ISNUMBER(SEARCH("Lingette",B50)),ISNUMBER(SEARCH("Mouchoir",B50))))),"Papillon Papier",IF(OR(ISNUMBER(SEARCH("TAJ AL SAHAR",B50)),ISNUMBER(SEARCH("TAJ BLADI",B50)),ISNUMBER(SEARCH("TAJ BELADI",B50)),ISNUMBER(SEARCH("Tilal Assahra",B50)),ISNUMBER(SEARCH("Jawharat Asahra",B50))),"TAJ SAHARA",IF(AND(OR(ISNUMBER(SEARCH("AL ITKANE",B50)),ISNUMBER(SEARCH("ALITKANE",B50)),ISNUMBER(SEARCH("PRESTO",B50))),NOT(OR(ISNUMBER(SEARCH("Thé",B50)),ISNUMBER(SEARCH("THE ",B50)),ISNUMBER(SEARCH("thé",B50)),ISNUMBER(SEARCH("SELHAM",B50)),ISNUMBER(SEARCH("LHAFLA",B50)),ISNUMBER(SEARCH("ZINE",B50)),ISNUMBER(SEARCH("tiyay",B50)),ISNUMBER(SEARCH("alouns",B50)),ISNUMBER(SEARCH("lmhrat",B50))))),"Al Itkrans + Presto",IF(OR(ISNUMBER(SEARCH("DALAA",B50)),ISNUMBER(SEARCH("CS-DALAA",B50)),ISNUMBER(SEARCH("DALINA",B50))),"Dalaa VP / Baqqal / RP",IF(OR(LEFT(UPPER(B50),4)="MIA ",LEFT(UPPER(B50),6)="CS-MIA"),"Mia",IF(OR(LEFT(UPPER(B50),5)="NOVA ",LEFT(UPPER(B50),7)="CS-NOVA"),"Nova",IF(OR(ISNUMBER(SEARCH("PRIMA ",B50)),ISNUMBER(SEARCH("CS-PRIMA",B50))),"Prima",IF(OR(ISNUMBER(SEARCH("Douceur",B50)),ISNUMBER(SEARCH("DOUCEUR",B50))),"Douceur",IF(OR(ISNUMBER(SEARCH("SANGO",B50)),ISNUMBER(SEARCH("CS-SANGO",B50))),"SANGO",IF(ISNUMBER(SEARCH("BLANDOUX",B50)),"Blandoux",IF(ISNUMBER(SEARCH("SHIWAMI",B50)),"Shiwame",IF(ISNUMBER(SEARCH("KELLOGG",B50)),"Kelloggs",IF(OR(ISNUMBER(SEARCH("TOBIGO",B50)),ISNUMBER(SEARCH("DWIST",B50))),"Tobigo",IF(OR(ISNUMBER(SEARCH("MARISOL",B50)),ISNUMBER(SEARCH("MARESOL",B50))),"Maresol",IF(OR(ISNUMBER(SEARCH("TAKIS",B50)),ISNUMBER(SEARCH("TAKYS",B50))),"TAKYS",IF(ISNUMBER(SEARCH("TAWIL",B50)),"Tawil",IF(ISNUMBER(SEARCH("FROMY",B50)),"Fromy","")))))))))))))))))))))))) -> Tobigo
A51: =Products!A4075 -> CF35217 | B51: =Products!B4075 -> TOBIGO CROUSTY CHOCOLAT CRN 30UN - NC | C51: =IF(OR(ISNUMBER(SEARCH("SELHAM",B51)),ISNUMBER(SEARCH("LHAFLA",B51)),ISNUMBER(SEARCH("ZINE",B51)),ISNUMBER(SEARCH("tiyay",B51)),ISNUMBER(SEARCH("alouns",B51)),ISNUMBER(SEARCH("lmhrat",B51))),"The Al Itkane",IF(AND(ISNUMBER(SEARCH("CALIN",B51)),ISNUMBER(SEARCH("RP",B51)),NOT(ISNUMBER(SEARCH("VP",B51)))),"Calin RP",IF(AND(ISNUMBER(SEARCH("CALIN",B51)),ISNUMBER(SEARCH("VP",B51))),"Calin VP",IF(AND(ISNUMBER(SEARCH("MIO",B51)),OR(ISNUMBER(SEARCH("Vaisselle",B51)),ISNUMBER(SEARCH("vaisselle",B51)))),"Mio Liquid Vaisselle",IF(AND(ISNUMBER(SEARCH("MIO",B51)),ISNUMBER(SEARCH("Javel",B51))),"Mio Javel",IF(AND(ISNUMBER(SEARCH("MIO",B51)),ISNUMBER(SEARCH("Matic",B51))),"Mio Matic",IF(AND(ISNUMBER(SEARCH("MIO",B51)),OR(ISNUMBER(SEARCH("Détérgent",B51)),ISNUMBER(SEARCH("Poudre",B51)),ISNUMBER(SEARCH("Semi Auto",B51)),ISNUMBER(SEARCH("1KG",B51)),ISNUMBER(SEARCH("500G",B51)),ISNUMBER(SEARCH("10KG",B51)),ISNUMBER(SEARCH("1.5K",B51)),ISNUMBER(SEARCH("215G",B51)),ISNUMBER(SEARCH("350G",B51)),ISNUMBER(SEARCH("90G",B51)),ISNUMBER(SEARCH("Gold",B51)),ISNUMBER(SEARCH("Citron",B51)),ISNUMBER(SEARCH("Rose",B51)),ISNUMBER(SEARCH("Lessive",B51))),NOT(OR(ISNUMBER(SEARCH("Vaisselle",B51)),ISNUMBER(SEARCH("Javel",B51)),ISNUMBER(SEARCH("Matic",B51)),ISNUMBER(SEARCH("Nettoyant",B51)),ISNUMBER(SEARCH("Pâte",B51)),ISNUMBER(SEARCH("Lave",B51)),ISNUMBER(SEARCH("Détartrant",B51))))),"Mio main (1k+500gr)",IF(AND(ISNUMBER(SEARCH("PAPILLON",B51)),OR(ISNUMBER(SEARCH("Papier",B51)),ISNUMBER(SEARCH("Hygiénique",B51)),ISNUMBER(SEARCH("HYGIÉNIQUE",B51))),NOT(OR(ISNUMBER(SEARCH("Lingette",B51)),ISNUMBER(SEARCH("Mouchoir",B51))))),"Papillon Papier",IF(OR(ISNUMBER(SEARCH("TAJ AL SAHAR",B51)),ISNUMBER(SEARCH("TAJ BLADI",B51)),ISNUMBER(SEARCH("TAJ BELADI",B51)),ISNUMBER(SEARCH("Tilal Assahra",B51)),ISNUMBER(SEARCH("Jawharat Asahra",B51))),"TAJ SAHARA",IF(AND(OR(ISNUMBER(SEARCH("AL ITKANE",B51)),ISNUMBER(SEARCH("ALITKANE",B51)),ISNUMBER(SEARCH("PRESTO",B51))),NOT(OR(ISNUMBER(SEARCH("Thé",B51)),ISNUMBER(SEARCH("THE ",B51)),ISNUMBER(SEARCH("thé",B51)),ISNUMBER(SEARCH("SELHAM",B51)),ISNUMBER(SEARCH("LHAFLA",B51)),ISNUMBER(SEARCH("ZINE",B51)),ISNUMBER(SEARCH("tiyay",B51)),ISNUMBER(SEARCH("alouns",B51)),ISNUMBER(SEARCH("lmhrat",B51))))),"Al Itkrans + Presto",IF(OR(ISNUMBER(SEARCH("DALAA",B51)),ISNUMBER(SEARCH("CS-DALAA",B51)),ISNUMBER(SEARCH("DALINA",B51))),"Dalaa VP / Baqqal / RP",IF(OR(LEFT(UPPER(B51),4)="MIA ",LEFT(UPPER(B51),6)="CS-MIA"),"Mia",IF(OR(LEFT(UPPER(B51),5)="NOVA ",LEFT(UPPER(B51),7)="CS-NOVA"),"Nova",IF(OR(ISNUMBER(SEARCH("PRIMA ",B51)),ISNUMBER(SEARCH("CS-PRIMA",B51))),"Prima",IF(OR(ISNUMBER(SEARCH("Douceur",B51)),ISNUMBER(SEARCH("DOUCEUR",B51))),"Douceur",IF(OR(ISNUMBER(SEARCH("SANGO",B51)),ISNUMBER(SEARCH("CS-SANGO",B51))),"SANGO",IF(ISNUMBER(SEARCH("BLANDOUX",B51)),"Blandoux",IF(ISNUMBER(SEARCH("SHIWAMI",B51)),"Shiwame",IF(ISNUMBER(SEARCH("KELLOGG",B51)),"Kelloggs",IF(OR(ISNUMBER(SEARCH("TOBIGO",B51)),ISNUMBER(SEARCH("DWIST",B51))),"Tobigo",IF(OR(ISNUMBER(SEARCH("MARISOL",B51)),ISNUMBER(SEARCH("MARESOL",B51))),"Maresol",IF(OR(ISNUMBER(SEARCH("TAKIS",B51)),ISNUMBER(SEARCH("TAKYS",B51))),"TAKYS",IF(ISNUMBER(SEARCH("TAWIL",B51)),"Tawil",IF(ISNUMBER(SEARCH("FROMY",B51)),"Fromy","")))))))))))))))))))))))) -> Tobigo
A52: =Products!A4076 -> CF35218 | B52: =Products!B4076 -> TOBIGO CROUSTY VANILLE CRN 30UN - NC | C52: =IF(OR(ISNUMBER(SEARCH("SELHAM",B52)),ISNUMBER(SEARCH("LHAFLA",B52)),ISNUMBER(SEARCH("ZINE",B52)),ISNUMBER(SEARCH("tiyay",B52)),ISNUMBER(SEARCH("alouns",B52)),ISNUMBER(SEARCH("lmhrat",B52))),"The Al Itkane",IF(AND(ISNUMBER(SEARCH("CALIN",B52)),ISNUMBER(SEARCH("RP",B52)),NOT(ISNUMBER(SEARCH("VP",B52)))),"Calin RP",IF(AND(ISNUMBER(SEARCH("CALIN",B52)),ISNUMBER(SEARCH("VP",B52))),"Calin VP",IF(AND(ISNUMBER(SEARCH("MIO",B52)),OR(ISNUMBER(SEARCH("Vaisselle",B52)),ISNUMBER(SEARCH("vaisselle",B52)))),"Mio Liquid Vaisselle",IF(AND(ISNUMBER(SEARCH("MIO",B52)),ISNUMBER(SEARCH("Javel",B52))),"Mio Javel",IF(AND(ISNUMBER(SEARCH("MIO",B52)),ISNUMBER(SEARCH("Matic",B52))),"Mio Matic",IF(AND(ISNUMBER(SEARCH("MIO",B52)),OR(ISNUMBER(SEARCH("Détérgent",B52)),ISNUMBER(SEARCH("Poudre",B52)),ISNUMBER(SEARCH("Semi Auto",B52)),ISNUMBER(SEARCH("1KG",B52)),ISNUMBER(SEARCH("500G",B52)),ISNUMBER(SEARCH("10KG",B52)),ISNUMBER(SEARCH("1.5K",B52)),ISNUMBER(SEARCH("215G",B52)),ISNUMBER(SEARCH("350G",B52)),ISNUMBER(SEARCH("90G",B52)),ISNUMBER(SEARCH("Gold",B52)),ISNUMBER(SEARCH("Citron",B52)),ISNUMBER(SEARCH("Rose",B52)),ISNUMBER(SEARCH("Lessive",B52))),NOT(OR(ISNUMBER(SEARCH("Vaisselle",B52)),ISNUMBER(SEARCH("Javel",B52)),ISNUMBER(SEARCH("Matic",B52)),ISNUMBER(SEARCH("Nettoyant",B52)),ISNUMBER(SEARCH("Pâte",B52)),ISNUMBER(SEARCH("Lave",B52)),ISNUMBER(SEARCH("Détartrant",B52))))),"Mio main (1k+500gr)",IF(AND(ISNUMBER(SEARCH("PAPILLON",B52)),OR(ISNUMBER(SEARCH("Papier",B52)),ISNUMBER(SEARCH("Hygiénique",B52)),ISNUMBER(SEARCH("HYGIÉNIQUE",B52))),NOT(OR(ISNUMBER(SEARCH("Lingette",B52)),ISNUMBER(SEARCH("Mouchoir",B52))))),"Papillon Papier",IF(OR(ISNUMBER(SEARCH("TAJ AL SAHAR",B52)),ISNUMBER(SEARCH("TAJ BLADI",B52)),ISNUMBER(SEARCH("TAJ BELADI",B52)),ISNUMBER(SEARCH("Tilal Assahra",B52)),ISNUMBER(SEARCH("Jawharat Asahra",B52))),"TAJ SAHARA",IF(AND(OR(ISNUMBER(SEARCH("AL ITKANE",B52)),ISNUMBER(SEARCH("ALITKANE",B52)),ISNUMBER(SEARCH("PRESTO",B52))),NOT(OR(ISNUMBER(SEARCH("Thé",B52)),ISNUMBER(SEARCH("THE ",B52)),ISNUMBER(SEARCH("thé",B52)),ISNUMBER(SEARCH("SELHAM",B52)),ISNUMBER(SEARCH("LHAFLA",B52)),ISNUMBER(SEARCH("ZINE",B52)),ISNUMBER(SEARCH("tiyay",B52)),ISNUMBER(SEARCH("alouns",B52)),ISNUMBER(SEARCH("lmhrat",B52))))),"Al Itkrans + Presto",IF(OR(ISNUMBER(SEARCH("DALAA",B52)),ISNUMBER(SEARCH("CS-DALAA",B52)),ISNUMBER(SEARCH("DALINA",B52))),"Dalaa VP / Baqqal / RP",IF(OR(LEFT(UPPER(B52),4)="MIA ",LEFT(UPPER(B52),6)="CS-MIA"),"Mia",IF(OR(LEFT(UPPER(B52),5)="NOVA ",LEFT(UPPER(B52),7)="CS-NOVA"),"Nova",IF(OR(ISNUMBER(SEARCH("PRIMA ",B52)),ISNUMBER(SEARCH("CS-PRIMA",B52))),"Prima",IF(OR(ISNUMBER(SEARCH("Douceur",B52)),ISNUMBER(SEARCH("DOUCEUR",B52))),"Douceur",IF(OR(ISNUMBER(SEARCH("SANGO",B52)),ISNUMBER(SEARCH("CS-SANGO",B52))),"SANGO",IF(ISNUMBER(SEARCH("BLANDOUX",B52)),"Blandoux",IF(ISNUMBER(SEARCH("SHIWAMI",B52)),"Shiwame",IF(ISNUMBER(SEARCH("KELLOGG",B52)),"Kelloggs",IF(OR(ISNUMBER(SEARCH("TOBIGO",B52)),ISNUMBER(SEARCH("DWIST",B52))),"Tobigo",IF(OR(ISNUMBER(SEARCH("MARISOL",B52)),ISNUMBER(SEARCH("MARESOL",B52))),"Maresol",IF(OR(ISNUMBER(SEARCH("TAKIS",B52)),ISNUMBER(SEARCH("TAKYS",B52))),"TAKYS",IF(ISNUMBER(SEARCH("TAWIL",B52)),"Tawil",IF(ISNUMBER(SEARCH("FROMY",B52)),"Fromy","")))))))))))))))))))))))) -> Tobigo
A53: =Products!A4077 -> CF35219 | B53: =Products!B4077 -> TOBIGO CROUSTY CITRON CRN 30UN - NC | C53: =IF(OR(ISNUMBER(SEARCH("SELHAM",B53)),ISNUMBER(SEARCH("LHAFLA",B53)),ISNUMBER(SEARCH("ZINE",B53)),ISNUMBER(SEARCH("tiyay",B53)),ISNUMBER(SEARCH("alouns",B53)),ISNUMBER(SEARCH("lmhrat",B53))),"The Al Itkane",IF(AND(ISNUMBER(SEARCH("CALIN",B53)),ISNUMBER(SEARCH("RP",B53)),NOT(ISNUMBER(SEARCH("VP",B53)))),"Calin RP",IF(AND(ISNUMBER(SEARCH("CALIN",B53)),ISNUMBER(SEARCH("VP",B53))),"Calin VP",IF(AND(ISNUMBER(SEARCH("MIO",B53)),OR(ISNUMBER(SEARCH("Vaisselle",B53)),ISNUMBER(SEARCH("vaisselle",B53)))),"Mio Liquid Vaisselle",IF(AND(ISNUMBER(SEARCH("MIO",B53)),ISNUMBER(SEARCH("Javel",B53))),"Mio Javel",IF(AND(ISNUMBER(SEARCH("MIO",B53)),ISNUMBER(SEARCH("Matic",B53))),"Mio Matic",IF(AND(ISNUMBER(SEARCH("MIO",B53)),OR(ISNUMBER(SEARCH("Détérgent",B53)),ISNUMBER(SEARCH("Poudre",B53)),ISNUMBER(SEARCH("Semi Auto",B53)),ISNUMBER(SEARCH("1KG",B53)),ISNUMBER(SEARCH("500G",B53)),ISNUMBER(SEARCH("10KG",B53)),ISNUMBER(SEARCH("1.5K",B53)),ISNUMBER(SEARCH("215G",B53)),ISNUMBER(SEARCH("350G",B53)),ISNUMBER(SEARCH("90G",B53)),ISNUMBER(SEARCH("Gold",B53)),ISNUMBER(SEARCH("Citron",B53)),ISNUMBER(SEARCH("Rose",B53)),ISNUMBER(SEARCH("Lessive",B53))),NOT(OR(ISNUMBER(SEARCH("Vaisselle",B53)),ISNUMBER(SEARCH("Javel",B53)),ISNUMBER(SEARCH("Matic",B53)),ISNUMBER(SEARCH("Nettoyant",B53)),ISNUMBER(SEARCH("Pâte",B53)),ISNUMBER(SEARCH("Lave",B53)),ISNUMBER(SEARCH("Détartrant",B53))))),"Mio main (1k+500gr)",IF(AND(ISNUMBER(SEARCH("PAPILLON",B53)),OR(ISNUMBER(SEARCH("Papier",B53)),ISNUMBER(SEARCH("Hygiénique",B53)),ISNUMBER(SEARCH("HYGIÉNIQUE",B53))),NOT(OR(ISNUMBER(SEARCH("Lingette",B53)),ISNUMBER(SEARCH("Mouchoir",B53))))),"Papillon Papier",IF(OR(ISNUMBER(SEARCH("TAJ AL SAHAR",B53)),ISNUMBER(SEARCH("TAJ BLADI",B53)),ISNUMBER(SEARCH("TAJ BELADI",B53)),ISNUMBER(SEARCH("Tilal Assahra",B53)),ISNUMBER(SEARCH("Jawharat Asahra",B53))),"TAJ SAHARA",IF(AND(OR(ISNUMBER(SEARCH("AL ITKANE",B53)),ISNUMBER(SEARCH("ALITKANE",B53)),ISNUMBER(SEARCH("PRESTO",B53))),NOT(OR(ISNUMBER(SEARCH("Thé",B53)),ISNUMBER(SEARCH("THE ",B53)),ISNUMBER(SEARCH("thé",B53)),ISNUMBER(SEARCH("SELHAM",B53)),ISNUMBER(SEARCH("LHAFLA",B53)),ISNUMBER(SEARCH("ZINE",B53)),ISNUMBER(SEARCH("tiyay",B53)),ISNUMBER(SEARCH("alouns",B53)),ISNUMBER(SEARCH("lmhrat",B53))))),"Al Itkrans + Presto",IF(OR(ISNUMBER(SEARCH("DALAA",B53)),ISNUMBER(SEARCH("CS-DALAA",B53)),ISNUMBER(SEARCH("DALINA",B53))),"Dalaa VP / Baqqal / RP",IF(OR(LEFT(UPPER(B53),4)="MIA ",LEFT(UPPER(B53),6)="CS-MIA"),"Mia",IF(OR(LEFT(UPPER(B53),5)="NOVA ",LEFT(UPPER(B53),7)="CS-NOVA"),"Nova",IF(OR(ISNUMBER(SEARCH("PRIMA ",B53)),ISNUMBER(SEARCH("CS-PRIMA",B53))),"Prima",IF(OR(ISNUMBER(SEARCH("Douceur",B53)),ISNUMBER(SEARCH("DOUCEUR",B53))),"Douceur",IF(OR(ISNUMBER(SEARCH("SANGO",B53)),ISNUMBER(SEARCH("CS-SANGO",B53))),"SANGO",IF(ISNUMBER(SEARCH("BLANDOUX",B53)),"Blandoux",IF(ISNUMBER(SEARCH("SHIWAMI",B53)),"Shiwame",IF(ISNUMBER(SEARCH("KELLOGG",B53)),"Kelloggs",IF(OR(ISNUMBER(SEARCH("TOBIGO",B53)),ISNUMBER(SEARCH("DWIST",B53))),"Tobigo",IF(OR(ISNUMBER(SEARCH("MARISOL",B53)),ISNUMBER(SEARCH("MARESOL",B53))),"Maresol",IF(OR(ISNUMBER(SEARCH("TAKIS",B53)),ISNUMBER(SEARCH("TAKYS",B53))),"TAKYS",IF(ISNUMBER(SEARCH("TAWIL",B53)),"Tawil",IF(ISNUMBER(SEARCH("FROMY",B53)),"Fromy","")))))))))))))))))))))))) -> Tobigo
A54: =Products!A4094 -> CF35221 | B54: =Products!B4094 -> TOBIGO BLÉO CHOCO CRN 30UN - NC | C54: =IF(OR(ISNUMBER(SEARCH("SELHAM",B54)),ISNUMBER(SEARCH("LHAFLA",B54)),ISNUMBER(SEARCH("ZINE",B54)),ISNUMBER(SEARCH("tiyay",B54)),ISNUMBER(SEARCH("alouns",B54)),ISNUMBER(SEARCH("lmhrat",B54))),"The Al Itkane",IF(AND(ISNUMBER(SEARCH("CALIN",B54)),ISNUMBER(SEARCH("RP",B54)),NOT(ISNUMBER(SEARCH("VP",B54)))),"Calin RP",IF(AND(ISNUMBER(SEARCH("CALIN",B54)),ISNUMBER(SEARCH("VP",B54))),"Calin VP",IF(AND(ISNUMBER(SEARCH("MIO",B54)),OR(ISNUMBER(SEARCH("Vaisselle",B54)),ISNUMBER(SEARCH("vaisselle",B54)))),"Mio Liquid Vaisselle",IF(AND(ISNUMBER(SEARCH("MIO",B54)),ISNUMBER(SEARCH("Javel",B54))),"Mio Javel",IF(AND(ISNUMBER(SEARCH("MIO",B54)),ISNUMBER(SEARCH("Matic",B54))),"Mio Matic",IF(AND(ISNUMBER(SEARCH("MIO",B54)),OR(ISNUMBER(SEARCH("Détérgent",B54)),ISNUMBER(SEARCH("Poudre",B54)),ISNUMBER(SEARCH("Semi Auto",B54)),ISNUMBER(SEARCH("1KG",B54)),ISNUMBER(SEARCH("500G",B54)),ISNUMBER(SEARCH("10KG",B54)),ISNUMBER(SEARCH("1.5K",B54)),ISNUMBER(SEARCH("215G",B54)),ISNUMBER(SEARCH("350G",B54)),ISNUMBER(SEARCH("90G",B54)),ISNUMBER(SEARCH("Gold",B54)),ISNUMBER(SEARCH("Citron",B54)),ISNUMBER(SEARCH("Rose",B54)),ISNUMBER(SEARCH("Lessive",B54))),NOT(OR(ISNUMBER(SEARCH("Vaisselle",B54)),ISNUMBER(SEARCH("Javel",B54)),ISNUMBER(SEARCH("Matic",B54)),ISNUMBER(SEARCH("Nettoyant",B54)),ISNUMBER(SEARCH("Pâte",B54)),ISNUMBER(SEARCH("Lave",B54)),ISNUMBER(SEARCH("Détartrant",B54))))),"Mio main (1k+500gr)",IF(AND(ISNUMBER(SEARCH("PAPILLON",B54)),OR(ISNUMBER(SEARCH("Papier",B54)),ISNUMBER(SEARCH("Hygiénique",B54)),ISNUMBER(SEARCH("HYGIÉNIQUE",B54))),NOT(OR(ISNUMBER(SEARCH("Lingette",B54)),ISNUMBER(SEARCH("Mouchoir",B54))))),"Papillon Papier",IF(OR(ISNUMBER(SEARCH("TAJ AL SAHAR",B54)),ISNUMBER(SEARCH("TAJ BLADI",B54)),ISNUMBER(SEARCH("TAJ BELADI",B54)),ISNUMBER(SEARCH("Tilal Assahra",B54)),ISNUMBER(SEARCH("Jawharat Asahra",B54))),"TAJ SAHARA",IF(AND(OR(ISNUMBER(SEARCH("AL ITKANE",B54)),ISNUMBER(SEARCH("ALITKANE",B54)),ISNUMBER(SEARCH("PRESTO",B54))),NOT(OR(ISNUMBER(SEARCH("Thé",B54)),ISNUMBER(SEARCH("THE ",B54)),ISNUMBER(SEARCH("thé",B54)),ISNUMBER(SEARCH("SELHAM",B54)),ISNUMBER(SEARCH("LHAFLA",B54)),ISNUMBER(SEARCH("ZINE",B54)),ISNUMBER(SEARCH("tiyay",B54)),ISNUMBER(SEARCH("alouns",B54)),ISNUMBER(SEARCH("lmhrat",B54))))),"Al Itkrans + Presto",IF(OR(ISNUMBER(SEARCH("DALAA",B54)),ISNUMBER(SEARCH("CS-DALAA",B54)),ISNUMBER(SEARCH("DALINA",B54))),"Dalaa VP / Baqqal / RP",IF(OR(LEFT(UPPER(B54),4)="MIA ",LEFT(UPPER(B54),6)="CS-MIA"),"Mia",IF(OR(LEFT(UPPER(B54),5)="NOVA ",LEFT(UPPER(B54),7)="CS-NOVA"),"Nova",IF(OR(ISNUMBER(SEARCH("PRIMA ",B54)),ISNUMBER(SEARCH("CS-PRIMA",B54))),"Prima",IF(OR(ISNUMBER(SEARCH("Douceur",B54)),ISNUMBER(SEARCH("DOUCEUR",B54))),"Douceur",IF(OR(ISNUMBER(SEARCH("SANGO",B54)),ISNUMBER(SEARCH("CS-SANGO",B54))),"SANGO",IF(ISNUMBER(SEARCH("BLANDOUX",B54)),"Blandoux",IF(ISNUMBER(SEARCH("SHIWAMI",B54)),"Shiwame",IF(ISNUMBER(SEARCH("KELLOGG",B54)),"Kelloggs",IF(OR(ISNUMBER(SEARCH("TOBIGO",B54)),ISNUMBER(SEARCH("DWIST",B54))),"Tobigo",IF(OR(ISNUMBER(SEARCH("MARISOL",B54)),ISNUMBER(SEARCH("MARESOL",B54))),"Maresol",IF(OR(ISNUMBER(SEARCH("TAKIS",B54)),ISNUMBER(SEARCH("TAKYS",B54))),"TAKYS",IF(ISNUMBER(SEARCH("TAWIL",B54)),"Tawil",IF(ISNUMBER(SEARCH("FROMY",B54)),"Fromy","")))))))))))))))))))))))) -> Tobigo
A55: =Products!A4095 -> CF35226 | B55: =Products!B4095 -> TOBIGO BLÉO CREAM CRN 30UN - NC | C55: =IF(OR(ISNUMBER(SEARCH("SELHAM",B55)),ISNUMBER(SEARCH("LHAFLA",B55)),ISNUMBER(SEARCH("ZINE",B55)),ISNUMBER(SEARCH("tiyay",B55)),ISNUMBER(SEARCH("alouns",B55)),ISNUMBER(SEARCH("lmhrat",B55))),"The Al Itkane",IF(AND(ISNUMBER(SEARCH("CALIN",B55)),ISNUMBER(SEARCH("RP",B55)),NOT(ISNUMBER(SEARCH("VP",B55)))),"Calin RP",IF(AND(ISNUMBER(SEARCH("CALIN",B55)),ISNUMBER(SEARCH("VP",B55))),"Calin VP",IF(AND(ISNUMBER(SEARCH("MIO",B55)),OR(ISNUMBER(SEARCH("Vaisselle",B55)),ISNUMBER(SEARCH("vaisselle",B55)))),"Mio Liquid Vaisselle",IF(AND(ISNUMBER(SEARCH("MIO",B55)),ISNUMBER(SEARCH("Javel",B55))),"Mio Javel",IF(AND(ISNUMBER(SEARCH("MIO",B55)),ISNUMBER(SEARCH("Matic",B55))),"Mio Matic",IF(AND(ISNUMBER(SEARCH("MIO",B55)),OR(ISNUMBER(SEARCH("Détérgent",B55)),ISNUMBER(SEARCH("Poudre",B55)),ISNUMBER(SEARCH("Semi Auto",B55)),ISNUMBER(SEARCH("1KG",B55)),ISNUMBER(SEARCH("500G",B55)),ISNUMBER(SEARCH("10KG",B55)),ISNUMBER(SEARCH("1.5K",B55)),ISNUMBER(SEARCH("215G",B55)),ISNUMBER(SEARCH("350G",B55)),ISNUMBER(SEARCH("90G",B55)),ISNUMBER(SEARCH("Gold",B55)),ISNUMBER(SEARCH("Citron",B55)),ISNUMBER(SEARCH("Rose",B55)),ISNUMBER(SEARCH("Lessive",B55))),NOT(OR(ISNUMBER(SEARCH("Vaisselle",B55)),ISNUMBER(SEARCH("Javel",B55)),ISNUMBER(SEARCH("Matic",B55)),ISNUMBER(SEARCH("Nettoyant",B55)),ISNUMBER(SEARCH("Pâte",B55)),ISNUMBER(SEARCH("Lave",B55)),ISNUMBER(SEARCH("Détartrant",B55))))),"Mio main (1k+500gr)",IF(AND(ISNUMBER(SEARCH("PAPILLON",B55)),OR(ISNUMBER(SEARCH("Papier",B55)),ISNUMBER(SEARCH("Hygiénique",B55)),ISNUMBER(SEARCH("HYGIÉNIQUE",B55))),NOT(OR(ISNUMBER(SEARCH("Lingette",B55)),ISNUMBER(SEARCH("Mouchoir",B55))))),"Papillon Papier",IF(OR(ISNUMBER(SEARCH("TAJ AL SAHAR",B55)),ISNUMBER(SEARCH("TAJ BLADI",B55)),ISNUMBER(SEARCH("TAJ BELADI",B55)),ISNUMBER(SEARCH("Tilal Assahra",B55)),ISNUMBER(SEARCH("Jawharat Asahra",B55))),"TAJ SAHARA",IF(AND(OR(ISNUMBER(SEARCH("AL ITKANE",B55)),ISNUMBER(SEARCH("ALITKANE",B55)),ISNUMBER(SEARCH("PRESTO",B55))),NOT(OR(ISNUMBER(SEARCH("Thé",B55)),ISNUMBER(SEARCH("THE ",B55)),ISNUMBER(SEARCH("thé",B55)),ISNUMBER(SEARCH("SELHAM",B55)),ISNUMBER(SEARCH("LHAFLA",B55)),ISNUMBER(SEARCH("ZINE",B55)),ISNUMBER(SEARCH("tiyay",B55)),ISNUMBER(SEARCH("alouns",B55)),ISNUMBER(SEARCH("lmhrat",B55))))),"Al Itkrans + Presto",IF(OR(ISNUMBER(SEARCH("DALAA",B55)),ISNUMBER(SEARCH("CS-DALAA",B55)),ISNUMBER(SEARCH("DALINA",B55))),"Dalaa VP / Baqqal / RP",IF(OR(LEFT(UPPER(B55),4)="MIA ",LEFT(UPPER(B55),6)="CS-MIA"),"Mia",IF(OR(LEFT(UPPER(B55),5)="NOVA ",LEFT(UPPER(B55),7)="CS-NOVA"),"Nova",IF(OR(ISNUMBER(SEARCH("PRIMA ",B55)),ISNUMBER(SEARCH("CS-PRIMA",B55))),"Prima",IF(OR(ISNUMBER(SEARCH("Douceur",B55)),ISNUMBER(SEARCH("DOUCEUR",B55))),"Douceur",IF(OR(ISNUMBER(SEARCH("SANGO",B55)),ISNUMBER(SEARCH("CS-SANGO",B55))),"SANGO",IF(ISNUMBER(SEARCH("BLANDOUX",B55)),"Blandoux",IF(ISNUMBER(SEARCH("SHIWAMI",B55)),"Shiwame",IF(ISNUMBER(SEARCH("KELLOGG",B55)),"Kelloggs",IF(OR(ISNUMBER(SEARCH("TOBIGO",B55)),ISNUMBER(SEARCH("DWIST",B55))),"Tobigo",IF(OR(ISNUMBER(SEARCH("MARISOL",B55)),ISNUMBER(SEARCH("MARESOL",B55))),"Maresol",IF(OR(ISNUMBER(SEARCH("TAKIS",B55)),ISNUMBER(SEARCH("TAKYS",B55))),"TAKYS",IF(ISNUMBER(SEARCH("TAWIL",B55)),"Tawil",IF(ISNUMBER(SEARCH("FROMY",B55)),"Fromy","")))))))))))))))))))))))) -> Tobigo
A56: =Products!A4096 -> CF35227 | B56: =Products!B4096 -> TOBIGO ROUNDY CHOCO 30UN - NC | C56: =IF(OR(ISNUMBER(SEARCH("SELHAM",B56)),ISNUMBER(SEARCH("LHAFLA",B56)),ISNUMBER(SEARCH("ZINE",B56)),ISNUMBER(SEARCH("tiyay",B56)),ISNUMBER(SEARCH("alouns",B56)),ISNUMBER(SEARCH("lmhrat",B56))),"The Al Itkane",IF(AND(ISNUMBER(SEARCH("CALIN",B56)),ISNUMBER(SEARCH("RP",B56)),NOT(ISNUMBER(SEARCH("VP",B56)))),"Calin RP",IF(AND(ISNUMBER(SEARCH("CALIN",B56)),ISNUMBER(SEARCH("VP",B56))),"Calin VP",IF(AND(ISNUMBER(SEARCH("MIO",B56)),OR(ISNUMBER(SEARCH("Vaisselle",B56)),ISNUMBER(SEARCH("vaisselle",B56)))),"Mio Liquid Vaisselle",IF(AND(ISNUMBER(SEARCH("MIO",B56)),ISNUMBER(SEARCH("Javel",B56))),"Mio Javel",IF(AND(ISNUMBER(SEARCH("MIO",B56)),ISNUMBER(SEARCH("Matic",B56))),"Mio Matic",IF(AND(ISNUMBER(SEARCH("MIO",B56)),OR(ISNUMBER(SEARCH("Détérgent",B56)),ISNUMBER(SEARCH("Poudre",B56)),ISNUMBER(SEARCH("Semi Auto",B56)),ISNUMBER(SEARCH("1KG",B56)),ISNUMBER(SEARCH("500G",B56)),ISNUMBER(SEARCH("10KG",B56)),ISNUMBER(SEARCH("1.5K",B56)),ISNUMBER(SEARCH("215G",B56)),ISNUMBER(SEARCH("350G",B56)),ISNUMBER(SEARCH("90G",B56)),ISNUMBER(SEARCH("Gold",B56)),ISNUMBER(SEARCH("Citron",B56)),ISNUMBER(SEARCH("Rose",B56)),ISNUMBER(SEARCH("Lessive",B56))),NOT(OR(ISNUMBER(SEARCH("Vaisselle",B56)),ISNUMBER(SEARCH("Javel",B56)),ISNUMBER(SEARCH("Matic",B56)),ISNUMBER(SEARCH("Nettoyant",B56)),ISNUMBER(SEARCH("Pâte",B56)),ISNUMBER(SEARCH("Lave",B56)),ISNUMBER(SEARCH("Détartrant",B56))))),"Mio main (1k+500gr)",IF(AND(ISNUMBER(SEARCH("PAPILLON",B56)),OR(ISNUMBER(SEARCH("Papier",B56)),ISNUMBER(SEARCH("Hygiénique",B56)),ISNUMBER(SEARCH("HYGIÉNIQUE",B56))),NOT(OR(ISNUMBER(SEARCH("Lingette",B56)),ISNUMBER(SEARCH("Mouchoir",B56))))),"Papillon Papier",IF(OR(ISNUMBER(SEARCH("TAJ AL SAHAR",B56)),ISNUMBER(SEARCH("TAJ BLADI",B56)),ISNUMBER(SEARCH("TAJ BELADI",B56)),ISNUMBER(SEARCH("Tilal Assahra",B56)),ISNUMBER(SEARCH("Jawharat Asahra",B56))),"TAJ SAHARA",IF(AND(OR(ISNUMBER(SEARCH("AL ITKANE",B56)),ISNUMBER(SEARCH("ALITKANE",B56)),ISNUMBER(SEARCH("PRESTO",B56))),NOT(OR(ISNUMBER(SEARCH("Thé",B56)),ISNUMBER(SEARCH("THE ",B56)),ISNUMBER(SEARCH("thé",B56)),ISNUMBER(SEARCH("SELHAM",B56)),ISNUMBER(SEARCH("LHAFLA",B56)),ISNUMBER(SEARCH("ZINE",B56)),ISNUMBER(SEARCH("tiyay",B56)),ISNUMBER(SEARCH("alouns",B56)),ISNUMBER(SEARCH("lmhrat",B56))))),"Al Itkrans + Presto",IF(OR(ISNUMBER(SEARCH("DALAA",B56)),ISNUMBER(SEARCH("CS-DALAA",B56)),ISNUMBER(SEARCH("DALINA",B56))),"Dalaa VP / Baqqal / RP",IF(OR(LEFT(UPPER(B56),4)="MIA ",LEFT(UPPER(B56),6)="CS-MIA"),"Mia",IF(OR(LEFT(UPPER(B56),5)="NOVA ",LEFT(UPPER(B56),7)="CS-NOVA"),"Nova",IF(OR(ISNUMBER(SEARCH("PRIMA ",B56)),ISNUMBER(SEARCH("CS-PRIMA",B56))),"Prima",IF(OR(ISNUMBER(SEARCH("Douceur",B56)),ISNUMBER(SEARCH("DOUCEUR",B56))),"Douceur",IF(OR(ISNUMBER(SEARCH("SANGO",B56)),ISNUMBER(SEARCH("CS-SANGO",B56))),"SANGO",IF(ISNUMBER(SEARCH("BLANDOUX",B56)),"Blandoux",IF(ISNUMBER(SEARCH("SHIWAMI",B56)),"Shiwame",IF(ISNUMBER(SEARCH("KELLOGG",B56)),"Kelloggs",IF(OR(ISNUMBER(SEARCH("TOBIGO",B56)),ISNUMBER(SEARCH("DWIST",B56))),"Tobigo",IF(OR(ISNUMBER(SEARCH("MARISOL",B56)),ISNUMBER(SEARCH("MARESOL",B56))),"Maresol",IF(OR(ISNUMBER(SEARCH("TAKIS",B56)),ISNUMBER(SEARCH("TAKYS",B56))),"TAKYS",IF(ISNUMBER(SEARCH("TAWIL",B56)),"Tawil",IF(ISNUMBER(SEARCH("FROMY",B56)),"Fromy","")))))))))))))))))))))))) -> Tobigo
A57: =Products!A4097 -> CF35235 | B57: =Products!B4097 -> TOBIGO CROUSTY FRAMBOISE CRN 30UN - NC | C57: =IF(OR(ISNUMBER(SEARCH("SELHAM",B57)),ISNUMBER(SEARCH("LHAFLA",B57)),ISNUMBER(SEARCH("ZINE",B57)),ISNUMBER(SEARCH("tiyay",B57)),ISNUMBER(SEARCH("alouns",B57)),ISNUMBER(SEARCH("lmhrat",B57))),"The Al Itkane",IF(AND(ISNUMBER(SEARCH("CALIN",B57)),ISNUMBER(SEARCH("RP",B57)),NOT(ISNUMBER(SEARCH("VP",B57)))),"Calin RP",IF(AND(ISNUMBER(SEARCH("CALIN",B57)),ISNUMBER(SEARCH("VP",B57))),"Calin VP",IF(AND(ISNUMBER(SEARCH("MIO",B57)),OR(ISNUMBER(SEARCH("Vaisselle",B57)),ISNUMBER(SEARCH("vaisselle",B57)))),"Mio Liquid Vaisselle",IF(AND(ISNUMBER(SEARCH("MIO",B57)),ISNUMBER(SEARCH("Javel",B57))),"Mio Javel",IF(AND(ISNUMBER(SEARCH("MIO",B57)),ISNUMBER(SEARCH("Matic",B57))),"Mio Matic",IF(AND(ISNUMBER(SEARCH("MIO",B57)),OR(ISNUMBER(SEARCH("Détérgent",B57)),ISNUMBER(SEARCH("Poudre",B57)),ISNUMBER(SEARCH("Semi Auto",B57)),ISNUMBER(SEARCH("1KG",B57)),ISNUMBER(SEARCH("500G",B57)),ISNUMBER(SEARCH("10KG",B57)),ISNUMBER(SEARCH("1.5K",B57)),ISNUMBER(SEARCH("215G",B57)),ISNUMBER(SEARCH("350G",B57)),ISNUMBER(SEARCH("90G",B57)),ISNUMBER(SEARCH("Gold",B57)),ISNUMBER(SEARCH("Citron",B57)),ISNUMBER(SEARCH("Rose",B57)),ISNUMBER(SEARCH("Lessive",B57))),NOT(OR(ISNUMBER(SEARCH("Vaisselle",B57)),ISNUMBER(SEARCH("Javel",B57)),ISNUMBER(SEARCH("Matic",B57)),ISNUMBER(SEARCH("Nettoyant",B57)),ISNUMBER(SEARCH("Pâte",B57)),ISNUMBER(SEARCH("Lave",B57)),ISNUMBER(SEARCH("Détartrant",B57))))),"Mio main (1k+500gr)",IF(AND(ISNUMBER(SEARCH("PAPILLON",B57)),OR(ISNUMBER(SEARCH("Papier",B57)),ISNUMBER(SEARCH("Hygiénique",B57)),ISNUMBER(SEARCH("HYGIÉNIQUE",B57))),NOT(OR(ISNUMBER(SEARCH("Lingette",B57)),ISNUMBER(SEARCH("Mouchoir",B57))))),"Papillon Papier",IF(OR(ISNUMBER(SEARCH("TAJ AL SAHAR",B57)),ISNUMBER(SEARCH("TAJ BLADI",B57)),ISNUMBER(SEARCH("TAJ BELADI",B57)),ISNUMBER(SEARCH("Tilal Assahra",B57)),ISNUMBER(SEARCH("Jawharat Asahra",B57))),"TAJ SAHARA",IF(AND(OR(ISNUMBER(SEARCH("AL ITKANE",B57)),ISNUMBER(SEARCH("ALITKANE",B57)),ISNUMBER(SEARCH("PRESTO",B57))),NOT(OR(ISNUMBER(SEARCH("Thé",B57)),ISNUMBER(SEARCH("THE ",B57)),ISNUMBER(SEARCH("thé",B57)),ISNUMBER(SEARCH("SELHAM",B57)),ISNUMBER(SEARCH("LHAFLA",B57)),ISNUMBER(SEARCH("ZINE",B57)),ISNUMBER(SEARCH("tiyay",B57)),ISNUMBER(SEARCH("alouns",B57)),ISNUMBER(SEARCH("lmhrat",B57))))),"Al Itkrans + Presto",IF(OR(ISNUMBER(SEARCH("DALAA",B57)),ISNUMBER(SEARCH("CS-DALAA",B57)),ISNUMBER(SEARCH("DALINA",B57))),"Dalaa VP / Baqqal / RP",IF(OR(LEFT(UPPER(B57),4)="MIA ",LEFT(UPPER(B57),6)="CS-MIA"),"Mia",IF(OR(LEFT(UPPER(B57),5)="NOVA ",LEFT(UPPER(B57),7)="CS-NOVA"),"Nova",IF(OR(ISNUMBER(SEARCH("PRIMA ",B57)),ISNUMBER(SEARCH("CS-PRIMA",B57))),"Prima",IF(OR(ISNUMBER(SEARCH("Douceur",B57)),ISNUMBER(SEARCH("DOUCEUR",B57))),"Douceur",IF(OR(ISNUMBER(SEARCH("SANGO",B57)),ISNUMBER(SEARCH("CS-SANGO",B57))),"SANGO",IF(ISNUMBER(SEARCH("BLANDOUX",B57)),"Blandoux",IF(ISNUMBER(SEARCH("SHIWAMI",B57)),"Shiwame",IF(ISNUMBER(SEARCH("KELLOGG",B57)),"Kelloggs",IF(OR(ISNUMBER(SEARCH("TOBIGO",B57)),ISNUMBER(SEARCH("DWIST",B57))),"Tobigo",IF(OR(ISNUMBER(SEARCH("MARISOL",B57)),ISNUMBER(SEARCH("MARESOL",B57))),"Maresol",IF(OR(ISNUMBER(SEARCH("TAKIS",B57)),ISNUMBER(SEARCH("TAKYS",B57))),"TAKYS",IF(ISNUMBER(SEARCH("TAWIL",B57)),"Tawil",IF(ISNUMBER(SEARCH("FROMY",B57)),"Fromy","")))))))))))))))))))))))) -> Tobigo
A58: =Products!A4098 -> CF35237 | B58: =Products!B4098 -> TOBIGO ROUNDY VANILLE 30UN - NC | C58: =IF(OR(ISNUMBER(SEARCH("SELHAM",B58)),ISNUMBER(SEARCH("LHAFLA",B58)),ISNUMBER(SEARCH("ZINE",B58)),ISNUMBER(SEARCH("tiyay",B58)),ISNUMBER(SEARCH("alouns",B58)),ISNUMBER(SEARCH("lmhrat",B58))),"The Al Itkane",IF(AND(ISNUMBER(SEARCH("CALIN",B58)),ISNUMBER(SEARCH("RP",B58)),NOT(ISNUMBER(SEARCH("VP",B58)))),"Calin RP",IF(AND(ISNUMBER(SEARCH("CALIN",B58)),ISNUMBER(SEARCH("VP",B58))),"Calin VP",IF(AND(ISNUMBER(SEARCH("MIO",B58)),OR(ISNUMBER(SEARCH("Vaisselle",B58)),ISNUMBER(SEARCH("vaisselle",B58)))),"Mio Liquid Vaisselle",IF(AND(ISNUMBER(SEARCH("MIO",B58)),ISNUMBER(SEARCH("Javel",B58))),"Mio Javel",IF(AND(ISNUMBER(SEARCH("MIO",B58)),ISNUMBER(SEARCH("Matic",B58))),"Mio Matic",IF(AND(ISNUMBER(SEARCH("MIO",B58)),OR(ISNUMBER(SEARCH("Détérgent",B58)),ISNUMBER(SEARCH("Poudre",B58)),ISNUMBER(SEARCH("Semi Auto",B58)),ISNUMBER(SEARCH("1KG",B58)),ISNUMBER(SEARCH("500G",B58)),ISNUMBER(SEARCH("10KG",B58)),ISNUMBER(SEARCH("1.5K",B58)),ISNUMBER(SEARCH("215G",B58)),ISNUMBER(SEARCH("350G",B58)),ISNUMBER(SEARCH("90G",B58)),ISNUMBER(SEARCH("Gold",B58)),ISNUMBER(SEARCH("Citron",B58)),ISNUMBER(SEARCH("Rose",B58)),ISNUMBER(SEARCH("Lessive",B58))),NOT(OR(ISNUMBER(SEARCH("Vaisselle",B58)),ISNUMBER(SEARCH("Javel",B58)),ISNUMBER(SEARCH("Matic",B58)),ISNUMBER(SEARCH("Nettoyant",B58)),ISNUMBER(SEARCH("Pâte",B58)),ISNUMBER(SEARCH("Lave",B58)),ISNUMBER(SEARCH("Détartrant",B58))))),"Mio main (1k+500gr)",IF(AND(ISNUMBER(SEARCH("PAPILLON",B58)),OR(ISNUMBER(SEARCH("Papier",B58)),ISNUMBER(SEARCH("Hygiénique",B58)),ISNUMBER(SEARCH("HYGIÉNIQUE",B58))),NOT(OR(ISNUMBER(SEARCH("Lingette",B58)),ISNUMBER(SEARCH("Mouchoir",B58))))),"Papillon Papier",IF(OR(ISNUMBER(SEARCH("TAJ AL SAHAR",B58)),ISNUMBER(SEARCH("TAJ BLADI",B58)),ISNUMBER(SEARCH("TAJ BELADI",B58)),ISNUMBER(SEARCH("Tilal Assahra",B58)),ISNUMBER(SEARCH("Jawharat Asahra",B58))),"TAJ SAHARA",IF(AND(OR(ISNUMBER(SEARCH("AL ITKANE",B58)),ISNUMBER(SEARCH("ALITKANE",B58)),ISNUMBER(SEARCH("PRESTO",B58))),NOT(OR(ISNUMBER(SEARCH("Thé",B58)),ISNUMBER(SEARCH("THE ",B58)),ISNUMBER(SEARCH("thé",B58)),ISNUMBER(SEARCH("SELHAM",B58)),ISNUMBER(SEARCH("LHAFLA",B58)),ISNUMBER(SEARCH("ZINE",B58)),ISNUMBER(SEARCH("tiyay",B58)),ISNUMBER(SEARCH("alouns",B58)),ISNUMBER(SEARCH("lmhrat",B58))))),"Al Itkrans + Presto",IF(OR(ISNUMBER(SEARCH("DALAA",B58)),ISNUMBER(SEARCH("CS-DALAA",B58)),ISNUMBER(SEARCH("DALINA",B58))),"Dalaa VP / Baqqal / RP",IF(OR(LEFT(UPPER(B58),4)="MIA ",LEFT(UPPER(B58),6)="CS-MIA"),"Mia",IF(OR(LEFT(UPPER(B58),5)="NOVA ",LEFT(UPPER(B58),7)="CS-NOVA"),"Nova",IF(OR(ISNUMBER(SEARCH("PRIMA ",B58)),ISNUMBER(SEARCH("CS-PRIMA",B58))),"Prima",IF(OR(ISNUMBER(SEARCH("Douceur",B58)),ISNUMBER(SEARCH("DOUCEUR",B58))),"Douceur",IF(OR(ISNUMBER(SEARCH("SANGO",B58)),ISNUMBER(SEARCH("CS-SANGO",B58))),"SANGO",IF(ISNUMBER(SEARCH("BLANDOUX",B58)),"Blandoux",IF(ISNUMBER(SEARCH("SHIWAMI",B58)),"Shiwame",IF(ISNUMBER(SEARCH("KELLOGG",B58)),"Kelloggs",IF(OR(ISNUMBER(SEARCH("TOBIGO",B58)),ISNUMBER(SEARCH("DWIST",B58))),"Tobigo",IF(OR(ISNUMBER(SEARCH("MARISOL",B58)),ISNUMBER(SEARCH("MARESOL",B58))),"Maresol",IF(OR(ISNUMBER(SEARCH("TAKIS",B58)),ISNUMBER(SEARCH("TAKYS",B58))),"TAKYS",IF(ISNUMBER(SEARCH("TAWIL",B58)),"Tawil",IF(ISNUMBER(SEARCH("FROMY",B58)),"Fromy","")))))))))))))))))))))))) -> Tobigo
A59: =Products!A4099 -> CF35238 | B59: =Products!B4099 -> TOBIGO ROUNDY CACAOTE VANILLE 30UN - NC | C59: =IF(OR(ISNUMBER(SEARCH("SELHAM",B59)),ISNUMBER(SEARCH("LHAFLA",B59)),ISNUMBER(SEARCH("ZINE",B59)),ISNUMBER(SEARCH("tiyay",B59)),ISNUMBER(SEARCH("alouns",B59)),ISNUMBER(SEARCH("lmhrat",B59))),"The Al Itkane",IF(AND(ISNUMBER(SEARCH("CALIN",B59)),ISNUMBER(SEARCH("RP",B59)),NOT(ISNUMBER(SEARCH("VP",B59)))),"Calin RP",IF(AND(ISNUMBER(SEARCH("CALIN",B59)),ISNUMBER(SEARCH("VP",B59))),"Calin VP",IF(AND(ISNUMBER(SEARCH("MIO",B59)),OR(ISNUMBER(SEARCH("Vaisselle",B59)),ISNUMBER(SEARCH("vaisselle",B59)))),"Mio Liquid Vaisselle",IF(AND(ISNUMBER(SEARCH("MIO",B59)),ISNUMBER(SEARCH("Javel",B59))),"Mio Javel",IF(AND(ISNUMBER(SEARCH("MIO",B59)),ISNUMBER(SEARCH("Matic",B59))),"Mio Matic",IF(AND(ISNUMBER(SEARCH("MIO",B59)),OR(ISNUMBER(SEARCH("Détérgent",B59)),ISNUMBER(SEARCH("Poudre",B59)),ISNUMBER(SEARCH("Semi Auto",B59)),ISNUMBER(SEARCH("1KG",B59)),ISNUMBER(SEARCH("500G",B59)),ISNUMBER(SEARCH("10KG",B59)),ISNUMBER(SEARCH("1.5K",B59)),ISNUMBER(SEARCH("215G",B59)),ISNUMBER(SEARCH("350G",B59)),ISNUMBER(SEARCH("90G",B59)),ISNUMBER(SEARCH("Gold",B59)),ISNUMBER(SEARCH("Citron",B59)),ISNUMBER(SEARCH("Rose",B59)),ISNUMBER(SEARCH("Lessive",B59))),NOT(OR(ISNUMBER(SEARCH("Vaisselle",B59)),ISNUMBER(SEARCH("Javel",B59)),ISNUMBER(SEARCH("Matic",B59)),ISNUMBER(SEARCH("Nettoyant",B59)),ISNUMBER(SEARCH("Pâte",B59)),ISNUMBER(SEARCH("Lave",B59)),ISNUMBER(SEARCH("Détartrant",B59))))),"Mio main (1k+500gr)",IF(AND(ISNUMBER(SEARCH("PAPILLON",B59)),OR(ISNUMBER(SEARCH("Papier",B59)),ISNUMBER(SEARCH("Hygiénique",B59)),ISNUMBER(SEARCH("HYGIÉNIQUE",B59))),NOT(OR(ISNUMBER(SEARCH("Lingette",B59)),ISNUMBER(SEARCH("Mouchoir",B59))))),"Papillon Papier",IF(OR(ISNUMBER(SEARCH("TAJ AL SAHAR",B59)),ISNUMBER(SEARCH("TAJ BLADI",B59)),ISNUMBER(SEARCH("TAJ BELADI",B59)),ISNUMBER(SEARCH("Tilal Assahra",B59)),ISNUMBER(SEARCH("Jawharat Asahra",B59))),"TAJ SAHARA",IF(AND(OR(ISNUMBER(SEARCH("AL ITKANE",B59)),ISNUMBER(SEARCH("ALITKANE",B59)),ISNUMBER(SEARCH("PRESTO",B59))),NOT(OR(ISNUMBER(SEARCH("Thé",B59)),ISNUMBER(SEARCH("THE ",B59)),ISNUMBER(SEARCH("thé",B59)),ISNUMBER(SEARCH("SELHAM",B59)),ISNUMBER(SEARCH("LHAFLA",B59)),ISNUMBER(SEARCH("ZINE",B59)),ISNUMBER(SEARCH("tiyay",B59)),ISNUMBER(SEARCH("alouns",B59)),ISNUMBER(SEARCH("lmhrat",B59))))),"Al Itkrans + Presto",IF(OR(ISNUMBER(SEARCH("DALAA",B59)),ISNUMBER(SEARCH("CS-DALAA",B59)),ISNUMBER(SEARCH("DALINA",B59))),"Dalaa VP / Baqqal / RP",IF(OR(LEFT(UPPER(B59),4)="MIA ",LEFT(UPPER(B59),6)="CS-MIA"),"Mia",IF(OR(LEFT(UPPER(B59),5)="NOVA ",LEFT(UPPER(B59),7)="CS-NOVA"),"Nova",IF(OR(ISNUMBER(SEARCH("PRIMA ",B59)),ISNUMBER(SEARCH("CS-PRIMA",B59))),"Prima",IF(OR(ISNUMBER(SEARCH("Douceur",B59)),ISNUMBER(SEARCH("DOUCEUR",B59))),"Douceur",IF(OR(ISNUMBER(SEARCH("SANGO",B59)),ISNUMBER(SEARCH("CS-SANGO",B59))),"SANGO",IF(ISNUMBER(SEARCH("BLANDOUX",B59)),"Blandoux",IF(ISNUMBER(SEARCH("SHIWAMI",B59)),"Shiwame",IF(ISNUMBER(SEARCH("KELLOGG",B59)),"Kelloggs",IF(OR(ISNUMBER(SEARCH("TOBIGO",B59)),ISNUMBER(SEARCH("DWIST",B59))),"Tobigo",IF(OR(ISNUMBER(SEARCH("MARISOL",B59)),ISNUMBER(SEARCH("MARESOL",B59))),"Maresol",IF(OR(ISNUMBER(SEARCH("TAKIS",B59)),ISNUMBER(SEARCH("TAKYS",B59))),"TAKYS",IF(ISNUMBER(SEARCH("TAWIL",B59)),"Tawil",IF(ISNUMBER(SEARCH("FROMY",B59)),"Fromy","")))))))))))))))))))))))) -> Tobigo
A60: =Products!A4100 -> CF35240 | B60: =Products!B4100 -> TOBIGO PYRAMIDO MEGA CITRON CRN 30UN -NC | C60: =IF(OR(ISNUMBER(SEARCH("SELHAM",B60)),ISNUMBER(SEARCH("LHAFLA",B60)),ISNUMBER(SEARCH("ZINE",B60)),ISNUMBER(SEARCH("tiyay",B60)),ISNUMBER(SEARCH("alouns",B60)),ISNUMBER(SEARCH("lmhrat",B60))),"The Al Itkane",IF(AND(ISNUMBER(SEARCH("CALIN",B60)),ISNUMBER(SEARCH("RP",B60)),NOT(ISNUMBER(SEARCH("VP",B60)))),"Calin RP",IF(AND(ISNUMBER(SEARCH("CALIN",B60)),ISNUMBER(SEARCH("VP",B60))),"Calin VP",IF(AND(ISNUMBER(SEARCH("MIO",B60)),OR(ISNUMBER(SEARCH("Vaisselle",B60)),ISNUMBER(SEARCH("vaisselle",B60)))),"Mio Liquid Vaisselle",IF(AND(ISNUMBER(SEARCH("MIO",B60)),ISNUMBER(SEARCH("Javel",B60))),"Mio Javel",IF(AND(ISNUMBER(SEARCH("MIO",B60)),ISNUMBER(SEARCH("Matic",B60))),"Mio Matic",IF(AND(ISNUMBER(SEARCH("MIO",B60)),OR(ISNUMBER(SEARCH("Détérgent",B60)),ISNUMBER(SEARCH("Poudre",B60)),ISNUMBER(SEARCH("Semi Auto",B60)),ISNUMBER(SEARCH("1KG",B60)),ISNUMBER(SEARCH("500G",B60)),ISNUMBER(SEARCH("10KG",B60)),ISNUMBER(SEARCH("1.5K",B60)),ISNUMBER(SEARCH("215G",B60)),ISNUMBER(SEARCH("350G",B60)),ISNUMBER(SEARCH("90G",B60)),ISNUMBER(SEARCH("Gold",B60)),ISNUMBER(SEARCH("Citron",B60)),ISNUMBER(SEARCH("Rose",B60)),ISNUMBER(SEARCH("Lessive",B60))),NOT(OR(ISNUMBER(SEARCH("Vaisselle",B60)),ISNUMBER(SEARCH("Javel",B60)),ISNUMBER(SEARCH("Matic",B60)),ISNUMBER(SEARCH("Nettoyant",B60)),ISNUMBER(SEARCH("Pâte",B60)),ISNUMBER(SEARCH("Lave",B60)),ISNUMBER(SEARCH("Détartrant",B60))))),"Mio main (1k+500gr)",IF(AND(ISNUMBER(SEARCH("PAPILLON",B60)),OR(ISNUMBER(SEARCH("Papier",B60)),ISNUMBER(SEARCH("Hygiénique",B60)),ISNUMBER(SEARCH("HYGIÉNIQUE",B60))),NOT(OR(ISNUMBER(SEARCH("Lingette",B60)),ISNUMBER(SEARCH("Mouchoir",B60))))),"Papillon Papier",IF(OR(ISNUMBER(SEARCH("TAJ AL SAHAR",B60)),ISNUMBER(SEARCH("TAJ BLADI",B60)),ISNUMBER(SEARCH("TAJ BELADI",B60)),ISNUMBER(SEARCH("Tilal Assahra",B60)),ISNUMBER(SEARCH("Jawharat Asahra",B60))),"TAJ SAHARA",IF(AND(OR(ISNUMBER(SEARCH("AL ITKANE",B60)),ISNUMBER(SEARCH("ALITKANE",B60)),ISNUMBER(SEARCH("PRESTO",B60))),NOT(OR(ISNUMBER(SEARCH("Thé",B60)),ISNUMBER(SEARCH("THE ",B60)),ISNUMBER(SEARCH("thé",B60)),ISNUMBER(SEARCH("SELHAM",B60)),ISNUMBER(SEARCH("LHAFLA",B60)),ISNUMBER(SEARCH("ZINE",B60)),ISNUMBER(SEARCH("tiyay",B60)),ISNUMBER(SEARCH("alouns",B60)),ISNUMBER(SEARCH("lmhrat",B60))))),"Al Itkrans + Presto",IF(OR(ISNUMBER(SEARCH("DALAA",B60)),ISNUMBER(SEARCH("CS-DALAA",B60)),ISNUMBER(SEARCH("DALINA",B60))),"Dalaa VP / Baqqal / RP",IF(OR(LEFT(UPPER(B60),4)="MIA ",LEFT(UPPER(B60),6)="CS-MIA"),"Mia",IF(OR(LEFT(UPPER(B60),5)="NOVA ",LEFT(UPPER(B60),7)="CS-NOVA"),"Nova",IF(OR(ISNUMBER(SEARCH("PRIMA ",B60)),ISNUMBER(SEARCH("CS-PRIMA",B60))),"Prima",IF(OR(ISNUMBER(SEARCH("Douceur",B60)),ISNUMBER(SEARCH("DOUCEUR",B60))),"Douceur",IF(OR(ISNUMBER(SEARCH("SANGO",B60)),ISNUMBER(SEARCH("CS-SANGO",B60))),"SANGO",IF(ISNUMBER(SEARCH("BLANDOUX",B60)),"Blandoux",IF(ISNUMBER(SEARCH("SHIWAMI",B60)),"Shiwame",IF(ISNUMBER(SEARCH("KELLOGG",B60)),"Kelloggs",IF(OR(ISNUMBER(SEARCH("TOBIGO",B60)),ISNUMBER(SEARCH("DWIST",B60))),"Tobigo",IF(OR(ISNUMBER(SEARCH("MARISOL",B60)),ISNUMBER(SEARCH("MARESOL",B60))),"Maresol",IF(OR(ISNUMBER(SEARCH("TAKIS",B60)),ISNUMBER(SEARCH("TAKYS",B60))),"TAKYS",IF(ISNUMBER(SEARCH("TAWIL",B60)),"Tawil",IF(ISNUMBER(SEARCH("FROMY",B60)),"Fromy","")))))))))))))))))))))))) -> Tobigo
